date,SKU,demand,stock_level,lead_time,reorder_point
2020-01-01,SKU_A,54,300,7,150
2020-01-02,SKU_A,48,246,7,150
2020-01-03,SKU_A,57,198,7,150
2020-01-04,SKU_A,66,441,7,150
2020-01-05,SKU_A,49,375,7,150
2020-01-06,SKU_A,49,326,7,150
2020-01-07,SKU_A,67,277,7,150
2020-01-08,SKU_A,60,210,7,150
2020-01-09,SKU_A,48,450,7,150
2020-01-10,SKU_A,58,402,7,150
2020-01-11,SKU_A,48,344,7,150
2020-01-12,SKU_A,49,296,7,150
2020-01-13,SKU_A,56,247,7,150
2020-01-14,SKU_A,35,191,7,150
2020-01-15,SKU_A,37,156,7,150
2020-01-16,SKU_A,49,419,7,150
2020-01-17,SKU_A,45,370,7,150
2020-01-18,SKU_A,59,325,7,150
2020-01-19,SKU_A,47,266,7,150
2020-01-20,SKU_A,42,219,7,150
2020-01-21,SKU_A,71,177,7,150
2020-01-22,SKU_A,55,406,7,150
2020-01-23,SKU_A,58,351,7,150
2020-01-24,SKU_A,43,293,7,150
2020-01-25,SKU_A,52,250,7,150
2020-01-26,SKU_A,59,198,7,150
2020-01-27,SKU_A,47,439,7,150
2020-01-28,SKU_A,63,392,7,150
2020-01-29,SKU_A,53,329,7,150
2020-01-30,SKU_A,57,276,7,150
2020-01-31,SKU_A,54,219,7,150
2020-02-01,SKU_A,79,165,7,150
2020-02-02,SKU_A,60,386,7,150
2020-02-03,SKU_A,50,326,7,150
2020-02-04,SKU_A,69,276,7,150
2020-02-05,SKU_A,49,207,7,150
2020-02-06,SKU_A,64,158,7,150
2020-02-07,SKU_A,42,394,7,150
2020-02-08,SKU_A,49,352,7,150
2020-02-09,SKU_A,64,303,7,150
2020-02-10,SKU_A,70,239,7,150
2020-02-11,SKU_A,65,169,7,150
2020-02-12,SKU_A,62,404,7,150
2020-02-13,SKU_A,61,342,7,150
2020-02-14,SKU_A,49,281,7,150
2020-02-15,SKU_A,57,232,7,150
2020-02-16,SKU_A,60,175,7,150
2020-02-17,SKU_A,75,415,7,150
2020-02-18,SKU_A,68,340,7,150
2020-02-19,SKU_A,47,272,7,150
2020-02-20,SKU_A,69,225,7,150
2020-02-21,SKU_A,62,156,7,150
2020-02-22,SKU_A,59,394,7,150
2020-02-23,SKU_A,72,335,7,150
2020-02-24,SKU_A,77,263,7,150
2020-02-25,SKU_A,76,186,7,150
2020-02-26,SKU_A,58,410,7,150
2020-02-27,SKU_A,64,352,7,150
2020-02-28,SKU_A,70,288,7,150
2020-02-29,SKU_A,77,218,7,150
2020-03-01,SKU_A,63,441,7,150
2020-03-02,SKU_A,66,378,7,150
2020-03-03,SKU_A,57,312,7,150
2020-03-04,SKU_A,56,255,7,150
2020-03-05,SKU_A,76,199,7,150
2020-03-06,SKU_A,82,423,7,150
2020-03-07,SKU_A,68,341,7,150
2020-03-08,SKU_A,79,273,7,150
2020-03-09,SKU_A,72,194,7,150
2020-03-10,SKU_A,63,422,7,150
2020-03-11,SKU_A,73,359,7,150
2020-03-12,SKU_A,85,286,7,150
2020-03-13,SKU_A,69,201,7,150
2020-03-14,SKU_A,85,432,7,150
2020-03-15,SKU_A,43,347,7,150
2020-03-16,SKU_A,78,304,7,150
2020-03-17,SKU_A,71,226,7,150
2020-03-18,SKU_A,67,155,7,150
2020-03-19,SKU_A,71,388,7,150
2020-03-20,SKU_A,50,317,7,150
2020-03-21,SKU_A,68,267,7,150
2020-03-22,SKU_A,74,199,7,150
2020-03-23,SKU_A,85,425,7,150
2020-03-24,SKU_A,65,340,7,150
2020-03-25,SKU_A,62,275,7,150
2020-03-26,SKU_A,66,213,7,150
2020-03-27,SKU_A,80,447,7,150
2020-03-28,SKU_A,74,367,7,150
2020-03-29,SKU_A,65,293,7,150
2020-03-30,SKU_A,76,228,7,150
2020-03-31,SKU_A,72,152,7,150
2020-04-01,SKU_A,80,380,7,150
2020-04-02,SKU_A,64,300,7,150
2020-04-03,SKU_A,67,236,7,150
2020-04-04,SKU_A,67,169,7,150
2020-04-05,SKU_A,56,402,7,150
2020-04-06,SKU_A,74,346,7,150
2020-04-07,SKU_A,73,272,7,150
2020-04-08,SKU_A,71,199,7,150
2020-04-09,SKU_A,68,428,7,150
2020-04-10,SKU_A,56,360,7,150
2020-04-11,SKU_A,66,304,7,150
2020-04-12,SKU_A,67,238,7,150
2020-04-13,SKU_A,62,171,7,150
2020-04-14,SKU_A,69,409,7,150
2020-04-15,SKU_A,74,340,7,150
2020-04-16,SKU_A,89,266,7,150
2020-04-17,SKU_A,72,177,7,150
2020-04-18,SKU_A,73,405,7,150
2020-04-19,SKU_A,69,332,7,150
2020-04-20,SKU_A,51,263,7,150
2020-04-21,SKU_A,70,212,7,150
2020-04-22,SKU_A,70,442,7,150
2020-04-23,SKU_A,94,372,7,150
2020-04-24,SKU_A,68,278,7,150
2020-04-25,SKU_A,72,210,7,150
2020-04-26,SKU_A,69,438,7,150
2020-04-27,SKU_A,57,369,7,150
2020-04-28,SKU_A,80,312,7,150
2020-04-29,SKU_A,76,232,7,150
2020-04-30,SKU_A,77,156,7,150
2020-05-01,SKU_A,59,379,7,150
2020-05-02,SKU_A,82,320,7,150
2020-05-03,SKU_A,54,238,7,150
2020-05-04,SKU_A,74,184,7,150
2020-05-05,SKU_A,90,410,7,150
2020-05-06,SKU_A,58,320,7,150
2020-05-07,SKU_A,62,262,7,150
2020-05-08,SKU_A,68,200,7,150
2020-05-09,SKU_A,62,432,7,150
2020-05-10,SKU_A,51,370,7,150
2020-05-11,SKU_A,67,319,7,150
2020-05-12,SKU_A,56,252,7,150
2020-05-13,SKU_A,71,196,7,150
2020-05-14,SKU_A,57,425,7,150
2020-05-15,SKU_A,81,368,7,150
2020-05-16,SKU_A,58,287,7,150
2020-05-17,SKU_A,62,229,7,150
2020-05-18,SKU_A,73,167,7,150
2020-05-19,SKU_A,53,394,7,150
2020-05-20,SKU_A,67,341,7,150
2020-05-21,SKU_A,78,274,7,150
2020-05-22,SKU_A,48,196,7,150
2020-05-23,SKU_A,66,448,7,150
2020-05-24,SKU_A,66,382,7,150
2020-05-25,SKU_A,71,316,7,150
2020-05-26,SKU_A,51,245,7,150
2020-05-27,SKU_A,50,194,7,150
2020-05-28,SKU_A,68,444,7,150
2020-05-29,SKU_A,65,376,7,150
2020-05-30,SKU_A,65,311,7,150
2020-05-31,SKU_A,65,246,7,150
2020-06-01,SKU_A,55,181,7,150
2020-06-02,SKU_A,64,426,7,150
2020-06-03,SKU_A,64,362,7,150
2020-06-04,SKU_A,54,298,7,150
2020-06-05,SKU_A,79,244,7,150
2020-06-06,SKU_A,65,165,7,150
2020-06-07,SKU_A,48,400,7,150
2020-06-08,SKU_A,66,352,7,150
2020-06-09,SKU_A,49,286,7,150
2020-06-10,SKU_A,67,237,7,150
2020-06-11,SKU_A,70,170,7,150
2020-06-12,SKU_A,50,400,7,150
2020-06-13,SKU_A,68,350,7,150
2020-06-14,SKU_A,62,282,7,150
2020-06-15,SKU_A,66,220,7,150
2020-06-16,SKU_A,76,154,7,150
2020-06-17,SKU_A,54,378,7,150
2020-06-18,SKU_A,49,324,7,150
2020-06-19,SKU_A,47,275,7,150
2020-06-20,SKU_A,48,228,7,150
2020-06-21,SKU_A,55,180,7,150
2020-06-22,SKU_A,59,425,7,150
2020-06-23,SKU_A,58,366,7,150
2020-06-24,SKU_A,63,308,7,150
2020-06-25,SKU_A,54,245,7,150
2020-06-26,SKU_A,68,191,7,150
2020-06-27,SKU_A,51,423,7,150
2020-06-28,SKU_A,80,372,7,150
2020-06-29,SKU_A,59,292,7,150
2020-06-30,SKU_A,44,233,7,150
2020-07-01,SKU_A,41,189,7,150
2020-07-02,SKU_A,57,448,7,150
2020-07-03,SKU_A,49,391,7,150
2020-07-04,SKU_A,58,342,7,150
2020-07-05,SKU_A,56,284,7,150
2020-07-06,SKU_A,50,228,7,150
2020-07-07,SKU_A,42,178,7,150
2020-07-08,SKU_A,35,436,7,150
2020-07-09,SKU_A,45,401,7,150
2020-07-10,SKU_A,58,356,7,150
2020-07-11,SKU_A,51,298,7,150
2020-07-12,SKU_A,36,247,7,150
2020-07-13,SKU_A,50,211,7,150
2020-07-14,SKU_A,52,161,7,150
2020-07-15,SKU_A,39,409,7,150
2020-07-16,SKU_A,49,370,7,150
2020-07-17,SKU_A,48,321,7,150
2020-07-18,SKU_A,35,273,7,150
2020-07-19,SKU_A,50,238,7,150
2020-07-20,SKU_A,52,188,7,150
2020-07-21,SKU_A,57,436,7,150
2020-07-22,SKU_A,56,379,7,150
2020-07-23,SKU_A,31,323,7,150
2020-07-24,SKU_A,35,292,7,150
2020-07-25,SKU_A,50,257,7,150
2020-07-26,SKU_A,49,207,7,150
2020-07-27,SKU_A,49,158,7,150
2020-07-28,SKU_A,82,409,7,150
2020-07-29,SKU_A,49,327,7,150
2020-07-30,SKU_A,54,278,7,150
2020-07-31,SKU_A,52,224,7,150
2020-08-01,SKU_A,49,172,7,150
2020-08-02,SKU_A,39,423,7,150
2020-08-03,SKU_A,49,384,7,150
2020-08-04,SKU_A,34,335,7,150
2020-08-05,SKU_A,39,301,7,150
2020-08-06,SKU_A,36,262,7,150
2020-08-07,SKU_A,42,226,7,150
2020-08-08,SKU_A,64,184,7,150
2020-08-09,SKU_A,22,420,7,150
2020-08-10,SKU_A,47,398,7,150
2020-08-11,SKU_A,24,351,7,150
2020-08-12,SKU_A,35,327,7,150
2020-08-13,SKU_A,50,292,7,150
2020-08-14,SKU_A,40,242,7,150
2020-08-15,SKU_A,28,202,7,150
2020-08-16,SKU_A,31,174,7,150
2020-08-17,SKU_A,45,443,7,150
2020-08-18,SKU_A,31,398,7,150
2020-08-19,SKU_A,40,367,7,150
2020-08-20,SKU_A,38,327,7,150
2020-08-21,SKU_A,31,289,7,150
2020-08-22,SKU_A,59,258,7,150
2020-08-23,SKU_A,43,199,7,150
2020-08-24,SKU_A,17,156,7,150
2020-08-25,SKU_A,38,439,7,150
2020-08-26,SKU_A,30,401,7,150
2020-08-27,SKU_A,45,371,7,150
2020-08-28,SKU_A,28,326,7,150
2020-08-29,SKU_A,35,298,7,150
2020-08-30,SKU_A,41,263,7,150
2020-08-31,SKU_A,44,222,7,150
2020-09-01,SKU_A,23,178,7,150
2020-09-02,SKU_A,32,155,7,150
2020-09-03,SKU_A,30,423,7,150
2020-09-04,SKU_A,28,393,7,150
2020-09-05,SKU_A,52,365,7,150
2020-09-06,SKU_A,39,313,7,150
2020-09-07,SKU_A,22,274,7,150
2020-09-08,SKU_A,44,252,7,150
2020-09-09,SKU_A,56,208,7,150
2020-09-10,SKU_A,45,152,7,150
2020-09-11,SKU_A,19,407,7,150
2020-09-12,SKU_A,29,388,7,150
2020-09-13,SKU_A,47,359,7,150
2020-09-14,SKU_A,27,312,7,150
2020-09-15,SKU_A,38,285,7,150
2020-09-16,SKU_A,41,247,7,150
2020-09-17,SKU_A,24,206,7,150
2020-09-18,SKU_A,33,182,7,150
2020-09-19,SKU_A,1,449,7,150
2020-09-20,SKU_A,23,448,7,150
2020-09-21,SKU_A,31,425,7,150
2020-09-22,SKU_A,21,394,7,150
2020-09-23,SKU_A,50,373,7,150
2020-09-24,SKU_A,19,323,7,150
2020-09-25,SKU_A,29,304,7,150
2020-09-26,SKU_A,35,275,7,150
2020-09-27,SKU_A,48,240,7,150
2020-09-28,SKU_A,19,192,7,150
2020-09-29,SKU_A,45,173,7,150
2020-09-30,SKU_A,33,428,7,150
2020-10-01,SKU_A,23,395,7,150
2020-10-02,SKU_A,38,372,7,150
2020-10-03,SKU_A,35,334,7,150
2020-10-04,SKU_A,27,299,7,150
2020-10-05,SKU_A,34,272,7,150
2020-10-06,SKU_A,30,238,7,150
2020-10-07,SKU_A,35,208,7,150
2020-10-08,SKU_A,40,173,7,150
2020-10-09,SKU_A,49,433,7,150
2020-10-10,SKU_A,21,384,7,150
2020-10-11,SKU_A,55,363,7,150
2020-10-12,SKU_A,14,308,7,150
2020-10-13,SKU_A,32,294,7,150
2020-10-14,SKU_A,40,262,7,150
2020-10-15,SKU_A,37,222,7,150
2020-10-16,SKU_A,28,185,7,150
2020-10-17,SKU_A,32,157,7,150
2020-10-18,SKU_A,29,425,7,150
2020-10-19,SKU_A,29,396,7,150
2020-10-20,SKU_A,43,367,7,150
2020-10-21,SKU_A,38,324,7,150
2020-10-22,SKU_A,28,286,7,150
2020-10-23,SKU_A,44,258,7,150
2020-10-24,SKU_A,38,214,7,150
2020-10-25,SKU_A,43,176,7,150
2020-10-26,SKU_A,42,433,7,150
2020-10-27,SKU_A,27,391,7,150
2020-10-28,SKU_A,30,364,7,150
2020-10-29,SKU_A,43,334,7,150
2020-10-30,SKU_A,42,291,7,150
2020-10-31,SKU_A,36,249,7,150
2020-11-01,SKU_A,38,213,7,150
2020-11-02,SKU_A,49,175,7,150
2020-11-03,SKU_A,31,426,7,150
2020-11-04,SKU_A,43,395,7,150
2020-11-05,SKU_A,35,352,7,150
2020-11-06,SKU_A,35,317,7,150
2020-11-07,SKU_A,49,282,7,150
2020-11-08,SKU_A,46,233,7,150
2020-11-09,SKU_A,46,187,7,150
2020-11-10,SKU_A,51,441,7,150
2020-11-11,SKU_A,39,390,7,150
2020-11-12,SKU_A,46,351,7,150
2020-11-13,SKU_A,36,305,7,150
2020-11-14,SKU_A,43,269,7,150
2020-11-15,SKU_A,38,226,7,150
2020-11-16,SKU_A,41,188,7,150
2020-11-17,SKU_A,46,447,7,150
2020-11-18,SKU_A,32,401,7,150
2020-11-19,SKU_A,62,369,7,150
2020-11-20,SKU_A,31,307,7,150
2020-11-21,SKU_A,29,276,7,150
2020-11-22,SKU_A,53,247,7,150
2020-11-23,SKU_A,50,194,7,150
2020-11-24,SKU_A,48,444,7,150
2020-11-25,SKU_A,49,396,7,150
2020-11-26,SKU_A,43,347,7,150
2020-11-27,SKU_A,34,304,7,150
2020-11-28,SKU_A,44,270,7,150
2020-11-29,SKU_A,37,226,7,150
2020-11-30,SKU_A,54,189,7,150
2020-12-01,SKU_A,43,435,7,150
2020-12-02,SKU_A,36,392,7,150
2020-12-03,SKU_A,42,356,7,150
2020-12-04,SKU_A,49,314,7,150
2020-12-05,SKU_A,40,265,7,150
2020-12-06,SKU_A,38,225,7,150
2020-12-07,SKU_A,49,187,7,150
2020-12-08,SKU_A,49,438,7,150
2020-12-09,SKU_A,42,389,7,150
2020-12-10,SKU_A,42,347,7,150
2020-12-11,SKU_A,50,305,7,150
2020-12-12,SKU_A,33,255,7,150
2020-12-13,SKU_A,34,222,7,150
2020-12-14,SKU_A,41,188,7,150
2020-12-15,SKU_A,47,447,7,150
2020-12-16,SKU_A,52,400,7,150
2020-12-17,SKU_A,64,348,7,150
2020-12-18,SKU_A,58,284,7,150
2020-12-19,SKU_A,49,226,7,150
2020-12-20,SKU_A,50,177,7,150
2020-12-21,SKU_A,41,427,7,150
2020-12-22,SKU_A,51,386,7,150
2020-12-23,SKU_A,49,335,7,150
2020-12-24,SKU_A,55,286,7,150
2020-12-25,SKU_A,44,231,7,150
2020-12-26,SKU_A,58,187,7,150
2020-12-27,SKU_A,68,429,7,150
2020-12-28,SKU_A,52,361,7,150
2020-12-29,SKU_A,58,309,7,150
2020-12-30,SKU_A,61,251,7,150
2020-12-31,SKU_A,50,190,7,150
2021-01-01,SKU_A,57,440,7,150
2021-01-02,SKU_A,55,383,7,150
2021-01-03,SKU_A,57,328,7,150
2021-01-04,SKU_A,48,271,7,150
2021-01-05,SKU_A,57,223,7,150
2021-01-06,SKU_A,62,166,7,150
2021-01-07,SKU_A,72,404,7,150
2021-01-08,SKU_A,67,332,7,150
2021-01-09,SKU_A,79,265,7,150
2021-01-10,SKU_A,50,186,7,150
2021-01-11,SKU_A,67,436,7,150
2021-01-12,SKU_A,61,369,7,150
2021-01-13,SKU_A,81,308,7,150
2021-01-14,SKU_A,51,227,7,150
2021-01-15,SKU_A,51,176,7,150
2021-01-16,SKU_A,54,425,7,150
2021-01-17,SKU_A,39,371,7,150
2021-01-18,SKU_A,56,332,7,150
2021-01-19,SKU_A,54,276,7,150
2021-01-20,SKU_A,63,222,7,150
2021-01-21,SKU_A,65,159,7,150
2021-01-22,SKU_A,81,394,7,150
2021-01-23,SKU_A,72,313,7,150
2021-01-24,SKU_A,57,241,7,150
2021-01-25,SKU_A,54,184,7,150
2021-01-26,SKU_A,68,430,7,150
2021-01-27,SKU_A,51,362,7,150
2021-01-28,SKU_A,82,311,7,150
2021-01-29,SKU_A,76,229,7,150
2021-01-30,SKU_A,60,153,7,150
2021-01-31,SKU_A,48,393,7,150
2021-02-01,SKU_A,79,345,7,150
2021-02-02,SKU_A,65,266,7,150
2021-02-03,SKU_A,78,201,7,150
2021-02-04,SKU_A,50,423,7,150
2021-02-05,SKU_A,61,373,7,150
2021-02-06,SKU_A,67,312,7,150
2021-02-07,SKU_A,68,245,7,150
2021-02-08,SKU_A,63,177,7,150
2021-02-09,SKU_A,74,414,7,150
2021-02-10,SKU_A,57,340,7,150
2021-02-11,SKU_A,67,283,7,150
2021-02-12,SKU_A,70,216,7,150
2021-02-13,SKU_A,74,446,7,150
2021-02-14,SKU_A,76,372,7,150
2021-02-15,SKU_A,58,296,7,150
2021-02-16,SKU_A,54,238,7,150
2021-02-17,SKU_A,83,184,7,150
2021-02-18,SKU_A,73,401,7,150
2021-02-19,SKU_A,63,328,7,150
2021-02-20,SKU_A,86,265,7,150
2021-02-21,SKU_A,72,179,7,150
2021-02-22,SKU_A,83,407,7,150
2021-02-23,SKU_A,72,324,7,150
2021-02-24,SKU_A,92,252,7,150
2021-02-25,SKU_A,89,160,7,150
2021-02-26,SKU_A,69,371,7,150
2021-02-27,SKU_A,82,302,7,150
2021-02-28,SKU_A,79,220,7,150
2021-03-01,SKU_A,86,441,7,150
2021-03-02,SKU_A,63,355,7,150
2021-03-03,SKU_A,80,292,7,150
2021-03-04,SKU_A,84,212,7,150
2021-03-05,SKU_A,56,428,7,150
2021-03-06,SKU_A,62,372,7,150
2021-03-07,SKU_A,53,310,7,150
2021-03-08,SKU_A,71,257,7,150
2021-03-09,SKU_A,81,186,7,150
2021-03-10,SKU_A,89,405,7,150
2021-03-11,SKU_A,75,316,7,150
2021-03-12,SKU_A,91,241,7,150
2021-03-13,SKU_A,61,450,7,150
2021-03-14,SKU_A,57,389,7,150
2021-03-15,SKU_A,74,332,7,150
2021-03-16,SKU_A,79,258,7,150
2021-03-17,SKU_A,75,179,7,150
2021-03-18,SKU_A,54,404,7,150
2021-03-19,SKU_A,74,350,7,150
2021-03-20,SKU_A,62,276,7,150
2021-03-21,SKU_A,82,214,7,150
2021-03-22,SKU_A,79,432,7,150
2021-03-23,SKU_A,66,353,7,150
2021-03-24,SKU_A,70,287,7,150
2021-03-25,SKU_A,65,217,7,150
2021-03-26,SKU_A,75,152,7,150
2021-03-27,SKU_A,85,377,7,150
2021-03-28,SKU_A,66,292,7,150
2021-03-29,SKU_A,81,226,7,150
2021-03-30,SKU_A,70,445,7,150
2021-03-31,SKU_A,68,375,7,150
2021-04-01,SKU_A,75,307,7,150
2021-04-02,SKU_A,65,232,7,150
2021-04-03,SKU_A,70,167,7,150
2021-04-04,SKU_A,64,397,7,150
2021-04-05,SKU_A,95,333,7,150
2021-04-06,SKU_A,76,238,7,150
2021-04-07,SKU_A,69,162,7,150
2021-04-08,SKU_A,78,393,7,150
2021-04-09,SKU_A,75,315,7,150
2021-04-10,SKU_A,73,240,7,150
2021-04-11,SKU_A,82,167,7,150
2021-04-12,SKU_A,83,385,7,150
2021-04-13,SKU_A,70,302,7,150
2021-04-14,SKU_A,70,232,7,150
2021-04-15,SKU_A,73,162,7,150
2021-04-16,SKU_A,52,389,7,150
2021-04-17,SKU_A,60,337,7,150
2021-04-18,SKU_A,89,277,7,150
2021-04-19,SKU_A,92,188,7,150
2021-04-20,SKU_A,72,396,7,150
2021-04-21,SKU_A,81,324,7,150
2021-04-22,SKU_A,78,243,7,150
2021-04-23,SKU_A,105,165,7,150
2021-04-24,SKU_A,86,360,7,150
2021-04-25,SKU_A,73,274,7,150
2021-04-26,SKU_A,65,201,7,150
2021-04-27,SKU_A,58,436,7,150
2021-04-28,SKU_A,76,378,7,150
2021-04-29,SKU_A,66,302,7,150
2021-04-30,SKU_A,60,236,7,150
2021-05-01,SKU_A,67,176,7,150
2021-05-02,SKU_A,63,409,7,150
2021-05-03,SKU_A,90,346,7,150
2021-05-04,SKU_A,82,256,7,150
2021-05-05,SKU_A,73,174,7,150
2021-05-06,SKU_A,88,401,7,150
2021-05-07,SKU_A,73,313,7,150
2021-05-08,SKU_A,64,240,7,150
2021-05-09,SKU_A,87,176,7,150
2021-05-10,SKU_A,77,389,7,150
2021-05-11,SKU_A,61,312,7,150
2021-05-12,SKU_A,70,251,7,150
2021-05-13,SKU_A,63,181,7,150
2021-05-14,SKU_A,57,418,7,150
2021-05-15,SKU_A,80,361,7,150
2021-05-16,SKU_A,90,281,7,150
2021-05-17,SKU_A,57,191,7,150
2021-05-18,SKU_A,76,434,7,150
2021-05-19,SKU_A,64,358,7,150
2021-05-20,SKU_A,65,294,7,150
2021-05-21,SKU_A,64,229,7,150
2021-05-22,SKU_A,61,165,7,150
2021-05-23,SKU_A,70,404,7,150
2021-05-24,SKU_A,60,334,7,150
2021-05-25,SKU_A,71,274,7,150
2021-05-26,SKU_A,68,203,7,150
2021-05-27,SKU_A,66,435,7,150
2021-05-28,SKU_A,59,369,7,150
2021-05-29,SKU_A,62,310,7,150
2021-05-30,SKU_A,75,248,7,150
2021-05-31,SKU_A,72,173,7,150
2021-06-01,SKU_A,57,401,7,150
2021-06-02,SKU_A,67,344,7,150
2021-06-03,SKU_A,74,277,7,150
2021-06-04,SKU_A,49,203,7,150
2021-06-05,SKU_A,71,154,7,150
2021-06-06,SKU_A,59,383,7,150
2021-06-07,SKU_A,71,324,7,150
2021-06-08,SKU_A,57,253,7,150
2021-06-09,SKU_A,46,196,7,150
2021-06-10,SKU_A,48,450,7,150
2021-06-11,SKU_A,64,402,7,150
2021-06-12,SKU_A,66,338,7,150
2021-06-13,SKU_A,54,272,7,150
2021-06-14,SKU_A,69,218,7,150
2021-06-15,SKU_A,46,449,7,150
2021-06-16,SKU_A,61,403,7,150
2021-06-17,SKU_A,50,342,7,150
2021-06-18,SKU_A,55,292,7,150
2021-06-19,SKU_A,62,237,7,150
2021-06-20,SKU_A,52,175,7,150
2021-06-21,SKU_A,57,423,7,150
2021-06-22,SKU_A,70,366,7,150
2021-06-23,SKU_A,54,296,7,150
2021-06-24,SKU_A,68,242,7,150
2021-06-25,SKU_A,48,174,7,150
2021-06-26,SKU_A,64,426,7,150
2021-06-27,SKU_A,73,362,7,150
2021-06-28,SKU_A,33,289,7,150
2021-06-29,SKU_A,50,256,7,150
2021-06-30,SKU_A,63,206,7,150
2021-07-01,SKU_A,55,443,7,150
2021-07-02,SKU_A,61,388,7,150
2021-07-03,SKU_A,50,327,7,150
2021-07-04,SKU_A,57,277,7,150
2021-07-05,SKU_A,54,220,7,150
2021-07-06,SKU_A,67,166,7,150
2021-07-07,SKU_A,58,399,7,150
2021-07-08,SKU_A,58,341,7,150
2021-07-09,SKU_A,50,283,7,150
2021-07-10,SKU_A,49,233,7,150
2021-07-11,SKU_A,50,184,7,150
2021-07-12,SKU_A,57,434,7,150
2021-07-13,SKU_A,49,377,7,150
2021-07-14,SKU_A,56,328,7,150
2021-07-15,SKU_A,73,272,7,150
2021-07-16,SKU_A,61,199,7,150
2021-07-17,SKU_A,49,438,7,150
2021-07-18,SKU_A,64,389,7,150
2021-07-19,SKU_A,47,325,7,150
2021-07-20,SKU_A,31,278,7,150
2021-07-21,SKU_A,41,247,7,150
2021-07-22,SKU_A,32,206,7,150
2021-07-23,SKU_A,47,174,7,150
2021-07-24,SKU_A,50,427,7,150
2021-07-25,SKU_A,66,377,7,150
2021-07-26,SKU_A,52,311,7,150
2021-07-27,SKU_A,47,259,7,150
2021-07-28,SKU_A,57,212,7,150
2021-07-29,SKU_A,26,155,7,150
2021-07-30,SKU_A,50,429,7,150
2021-07-31,SKU_A,55,379,7,150
2021-08-01,SKU_A,33,324,7,150
2021-08-02,SKU_A,59,291,7,150
2021-08-03,SKU_A,50,232,7,150
2021-08-04,SKU_A,42,182,7,150
2021-08-05,SKU_A,53,440,7,150
2021-08-06,SKU_A,69,387,7,150
2021-08-07,SKU_A,48,318,7,150
2021-08-08,SKU_A,48,270,7,150
2021-08-09,SKU_A,41,222,7,150
2021-08-10,SKU_A,36,181,7,150
2021-08-11,SKU_A,53,445,7,150
2021-08-12,SKU_A,36,392,7,150
2021-08-13,SKU_A,45,356,7,150
2021-08-14,SKU_A,39,311,7,150
2021-08-15,SKU_A,49,272,7,150
2021-08-16,SKU_A,47,223,7,150
2021-08-17,SKU_A,54,176,7,150
2021-08-18,SKU_A,38,422,7,150
2021-08-19,SKU_A,40,384,7,150
2021-08-20,SKU_A,33,344,7,150
2021-08-21,SKU_A,38,311,7,150
2021-08-22,SKU_A,46,273,7,150
2021-08-23,SKU_A,50,227,7,150
2021-08-24,SKU_A,33,177,7,150
2021-08-25,SKU_A,50,444,7,150
2021-08-26,SKU_A,55,394,7,150
2021-08-27,SKU_A,45,339,7,150
2021-08-28,SKU_A,60,294,7,150
2021-08-29,SKU_A,33,234,7,150
2021-08-30,SKU_A,28,201,7,150
2021-08-31,SKU_A,23,173,7,150
2021-09-01,SKU_A,55,450,7,150
2021-09-02,SKU_A,47,395,7,150
2021-09-03,SKU_A,40,348,7,150
2021-09-04,SKU_A,43,308,7,150
2021-09-05,SKU_A,29,265,7,150
2021-09-06,SKU_A,64,236,7,150
2021-09-07,SKU_A,41,172,7,150
2021-09-08,SKU_A,41,431,7,150
2021-09-09,SKU_A,47,390,7,150
2021-09-10,SKU_A,44,343,7,150
2021-09-11,SKU_A,41,299,7,150
2021-09-12,SKU_A,31,258,7,150
2021-09-13,SKU_A,44,227,7,150
2021-09-14,SKU_A,58,183,7,150
2021-09-15,SKU_A,52,425,7,150
2021-09-16,SKU_A,55,373,7,150
2021-09-17,SKU_A,34,318,7,150
2021-09-18,SKU_A,29,284,7,150
2021-09-19,SKU_A,37,255,7,150
2021-09-20,SKU_A,39,218,7,150
2021-09-21,SKU_A,49,179,7,150
2021-09-22,SKU_A,21,430,7,150
2021-09-23,SKU_A,54,409,7,150
2021-09-24,SKU_A,37,355,7,150
2021-09-25,SKU_A,34,318,7,150
2021-09-26,SKU_A,28,284,7,150
2021-09-27,SKU_A,22,256,7,150
2021-09-28,SKU_A,46,234,7,150
2021-09-29,SKU_A,39,188,7,150
2021-09-30,SKU_A,25,449,7,150
2021-10-01,SKU_A,25,424,7,150
2021-10-02,SKU_A,35,399,7,150
2021-10-03,SKU_A,55,364,7,150
2021-10-04,SKU_A,36,309,7,150
2021-10-05,SKU_A,23,273,7,150
2021-10-06,SKU_A,36,250,7,150
2021-10-07,SKU_A,36,214,7,150
2021-10-08,SKU_A,12,178,7,150
2021-10-09,SKU_A,38,166,7,150
2021-10-10,SKU_A,36,428,7,150
2021-10-11,SKU_A,46,392,7,150
2021-10-12,SKU_A,57,346,7,150
2021-10-13,SKU_A,50,289,7,150
2021-10-14,SKU_A,36,239,7,150
2021-10-15,SKU_A,28,203,7,150
2021-10-16,SKU_A,65,175,7,150
2021-10-17,SKU_A,40,410,7,150
2021-10-18,SKU_A,40,370,7,150
2021-10-19,SKU_A,39,330,7,150
2021-10-20,SKU_A,42,291,7,150
2021-10-21,SKU_A,38,249,7,150
2021-10-22,SKU_A,34,211,7,150
2021-10-23,SKU_A,35,177,7,150
2021-10-24,SKU_A,40,442,7,150
2021-10-25,SKU_A,35,402,7,150
2021-10-26,SKU_A,33,367,7,150
2021-10-27,SKU_A,42,334,7,150
2021-10-28,SKU_A,38,292,7,150
2021-10-29,SKU_A,56,254,7,150
2021-10-30,SKU_A,15,198,7,150
2021-10-31,SKU_A,52,183,7,150
2021-11-01,SKU_A,54,431,7,150
2021-11-02,SKU_A,21,377,7,150
2021-11-03,SKU_A,38,356,7,150
2021-11-04,SKU_A,38,318,7,150
2021-11-05,SKU_A,28,280,7,150
2021-11-06,SKU_A,35,252,7,150
2021-11-07,SKU_A,32,217,7,150
2021-11-08,SKU_A,60,185,7,150
2021-11-09,SKU_A,53,425,7,150
2021-11-10,SKU_A,56,372,7,150
2021-11-11,SKU_A,51,316,7,150
2021-11-12,SKU_A,33,265,7,150
2021-11-13,SKU_A,39,232,7,150
2021-11-14,SKU_A,49,193,7,150
2021-11-15,SKU_A,32,444,7,150
2021-11-16,SKU_A,52,412,7,150
2021-11-17,SKU_A,43,360,7,150
2021-11-18,SKU_A,42,317,7,150
2021-11-19,SKU_A,53,275,7,150
2021-11-20,SKU_A,50,222,7,150
2021-11-21,SKU_A,43,172,7,150
2021-11-22,SKU_A,58,429,7,150
2021-11-23,SKU_A,36,371,7,150
2021-11-24,SKU_A,53,335,7,150
2021-11-25,SKU_A,53,282,7,150
2021-11-26,SKU_A,45,229,7,150
2021-11-27,SKU_A,51,184,7,150
2021-11-28,SKU_A,36,433,7,150
2021-11-29,SKU_A,58,397,7,150
2021-11-30,SKU_A,47,339,7,150
2021-12-01,SKU_A,44,292,7,150
2021-12-02,SKU_A,60,248,7,150
2021-12-03,SKU_A,43,188,7,150
2021-12-04,SKU_A,36,445,7,150
2021-12-05,SKU_A,35,409,7,150
2021-12-06,SKU_A,57,374,7,150
2021-12-07,SKU_A,38,317,7,150
2021-12-08,SKU_A,69,279,7,150
2021-12-09,SKU_A,31,210,7,150
2021-12-10,SKU_A,69,179,7,150
2021-12-11,SKU_A,55,410,7,150
2021-12-12,SKU_A,52,355,7,150
2021-12-13,SKU_A,48,303,7,150
2021-12-14,SKU_A,57,255,7,150
2021-12-15,SKU_A,53,198,7,150
2021-12-16,SKU_A,65,445,7,150
2021-12-17,SKU_A,56,380,7,150
2021-12-18,SKU_A,56,324,7,150
2021-12-19,SKU_A,52,268,7,150
2021-12-20,SKU_A,55,216,7,150
2021-12-21,SKU_A,59,161,7,150
2021-12-22,SKU_A,39,402,7,150
2021-12-23,SKU_A,43,363,7,150
2021-12-24,SKU_A,64,320,7,150
2021-12-25,SKU_A,59,256,7,150
2021-12-26,SKU_A,56,197,7,150
2021-12-27,SKU_A,58,441,7,150
2021-12-28,SKU_A,62,383,7,150
2021-12-29,SKU_A,53,321,7,150
2021-12-30,SKU_A,51,268,7,150
2021-12-31,SKU_A,61,217,7,150
2022-01-01,SKU_A,50,156,7,150
2022-01-02,SKU_A,64,406,7,150
2022-01-03,SKU_A,44,342,7,150
2022-01-04,SKU_A,71,298,7,150
2022-01-05,SKU_A,66,227,7,150
2022-01-06,SKU_A,64,161,7,150
2022-01-07,SKU_A,72,397,7,150
2022-01-08,SKU_A,79,325,7,150
2022-01-09,SKU_A,73,246,7,150
2022-01-10,SKU_A,45,173,7,150
2022-01-11,SKU_A,51,428,7,150
2022-01-12,SKU_A,58,377,7,150
2022-01-13,SKU_A,64,319,7,150
2022-01-14,SKU_A,70,255,7,150
2022-01-15,SKU_A,58,185,7,150
2022-01-16,SKU_A,67,427,7,150
2022-01-17,SKU_A,58,360,7,150
2022-01-18,SKU_A,60,302,7,150
2022-01-19,SKU_A,52,242,7,150
2022-01-20,SKU_A,57,190,7,150
2022-01-21,SKU_A,53,433,7,150
2022-01-22,SKU_A,57,380,7,150
2022-01-23,SKU_A,78,323,7,150
2022-01-24,SKU_A,58,245,7,150
2022-01-25,SKU_A,95,187,7,150
2022-01-26,SKU_A,73,392,7,150
2022-01-27,SKU_A,71,319,7,150
2022-01-28,SKU_A,61,248,7,150
2022-01-29,SKU_A,76,187,7,150
2022-01-30,SKU_A,64,411,7,150
2022-01-31,SKU_A,71,347,7,150
2022-02-01,SKU_A,96,276,7,150
2022-02-02,SKU_A,70,180,7,150
2022-02-03,SKU_A,83,410,7,150
2022-02-04,SKU_A,64,327,7,150
2022-02-05,SKU_A,71,263,7,150
2022-02-06,SKU_A,90,192,7,150
2022-02-07,SKU_A,66,402,7,150
2022-02-08,SKU_A,91,336,7,150
2022-02-09,SKU_A,80,245,7,150
2022-02-10,SKU_A,67,165,7,150
2022-02-11,SKU_A,80,398,7,150
2022-02-12,SKU_A,83,318,7,150
2022-02-13,SKU_A,80,235,7,150
2022-02-14,SKU_A,58,155,7,150
2022-02-15,SKU_A,67,397,7,150
2022-02-16,SKU_A,72,330,7,150
2022-02-17,SKU_A,74,258,7,150
2022-02-18,SKU_A,81,184,7,150
2022-02-19,SKU_A,77,403,7,150
2022-02-20,SKU_A,62,326,7,150
2022-02-21,SKU_A,80,264,7,150
2022-02-22,SKU_A,82,184,7,150
2022-02-23,SKU_A,82,402,7,150
2022-02-24,SKU_A,87,320,7,150
2022-02-25,SKU_A,85,233,7,150
2022-02-26,SKU_A,81,448,7,150
2022-02-27,SKU_A,76,367,7,150
2022-02-28,SKU_A,61,291,7,150
2022-03-01,SKU_A,82,230,7,150
2022-03-02,SKU_A,80,448,7,150
2022-03-03,SKU_A,81,368,7,150
2022-03-04,SKU_A,65,287,7,150
2022-03-05,SKU_A,67,222,7,150
2022-03-06,SKU_A,89,155,7,150
2022-03-07,SKU_A,78,366,7,150
2022-03-08,SKU_A,86,288,7,150
2022-03-09,SKU_A,79,202,7,150
2022-03-10,SKU_A,79,423,7,150
2022-03-11,SKU_A,89,344,7,150
2022-03-12,SKU_A,74,255,7,150
2022-03-13,SKU_A,80,181,7,150
2022-03-14,SKU_A,75,401,7,150
2022-03-15,SKU_A,75,326,7,150
2022-03-16,SKU_A,77,251,7,150
2022-03-17,SKU_A,82,174,7,150
2022-03-18,SKU_A,75,392,7,150
2022-03-19,SKU_A,93,317,7,150
2022-03-20,SKU_A,71,224,7,150
2022-03-21,SKU_A,78,153,7,150
2022-03-22,SKU_A,76,375,7,150
2022-03-23,SKU_A,95,299,7,150
2022-03-24,SKU_A,82,204,7,150
2022-03-25,SKU_A,91,422,7,150
2022-03-26,SKU_A,66,331,7,150
2022-03-27,SKU_A,83,265,7,150
2022-03-28,SKU_A,90,182,7,150
2022-03-29,SKU_A,81,392,7,150
2022-03-30,SKU_A,91,311,7,150
2022-03-31,SKU_A,76,220,7,150
2022-04-01,SKU_A,95,444,7,150
2022-04-02,SKU_A,104,349,7,150
2022-04-03,SKU_A,77,245,7,150
2022-04-04,SKU_A,76,168,7,150
2022-04-05,SKU_A,95,392,7,150
2022-04-06,SKU_A,97,297,7,150
2022-04-07,SKU_A,76,200,7,150
2022-04-08,SKU_A,77,424,7,150
2022-04-09,SKU_A,78,347,7,150
2022-04-10,SKU_A,67,269,7,150
2022-04-11,SKU_A,71,202,7,150
2022-04-12,SKU_A,71,431,7,150
2022-04-13,SKU_A,73,360,7,150
2022-04-14,SKU_A,80,287,7,150
2022-04-15,SKU_A,83,207,7,150
2022-04-16,SKU_A,96,424,7,150
2022-04-17,SKU_A,70,328,7,150
2022-04-18,SKU_A,90,258,7,150
2022-04-19,SKU_A,78,168,7,150
2022-04-20,SKU_A,79,390,7,150
2022-04-21,SKU_A,87,311,7,150
2022-04-22,SKU_A,69,224,7,150
2022-04-23,SKU_A,83,155,7,150
2022-04-24,SKU_A,81,372,7,150
2022-04-25,SKU_A,84,291,7,150
2022-04-26,SKU_A,82,207,7,150
2022-04-27,SKU_A,104,425,7,150
2022-04-28,SKU_A,73,321,7,150
2022-04-29,SKU_A,74,248,7,150
2022-04-30,SKU_A,73,174,7,150
2022-05-01,SKU_A,73,401,7,150
2022-05-02,SKU_A,72,328,7,150
2022-05-03,SKU_A,90,256,7,150
2022-05-04,SKU_A,92,166,7,150
2022-05-05,SKU_A,72,374,7,150
2022-05-06,SKU_A,69,302,7,150
2022-05-07,SKU_A,82,233,7,150
2022-05-08,SKU_A,72,151,7,150
2022-05-09,SKU_A,84,379,7,150
2022-05-10,SKU_A,79,295,7,150
2022-05-11,SKU_A,62,216,7,150
2022-05-12,SKU_A,92,154,7,150
2022-05-13,SKU_A,94,362,7,150
2022-05-14,SKU_A,70,268,7,150
2022-05-15,SKU_A,72,198,7,150
2022-05-16,SKU_A,79,426,7,150
2022-05-17,SKU_A,79,347,7,150
2022-05-18,SKU_A,82,268,7,150
2022-05-19,SKU_A,95,186,7,150
2022-05-20,SKU_A,73,391,7,150
2022-05-21,SKU_A,67,318,7,150
2022-05-22,SKU_A,60,251,7,150
2022-05-23,SKU_A,67,191,7,150
2022-05-24,SKU_A,73,424,7,150
2022-05-25,SKU_A,91,351,7,150
2022-05-26,SKU_A,68,260,7,150
2022-05-27,SKU_A,75,192,7,150
2022-05-28,SKU_A,73,417,7,150
2022-05-29,SKU_A,84,344,7,150
2022-05-30,SKU_A,97,260,7,150
2022-05-31,SKU_A,67,163,7,150
2022-06-01,SKU_A,67,396,7,150
2022-06-02,SKU_A,82,329,7,150
2022-06-03,SKU_A,78,247,7,150
2022-06-04,SKU_A,89,169,7,150
2022-06-05,SKU_A,76,380,7,150
2022-06-06,SKU_A,67,304,7,150
2022-06-07,SKU_A,76,237,7,150
2022-06-08,SKU_A,81,161,7,150
2022-06-09,SKU_A,77,380,7,150
2022-06-10,SKU_A,74,303,7,150
2022-06-11,SKU_A,79,229,7,150
2022-06-12,SKU_A,80,450,7,150
2022-06-13,SKU_A,82,370,7,150
2022-06-14,SKU_A,74,288,7,150
2022-06-15,SKU_A,66,214,7,150
2022-06-16,SKU_A,69,448,7,150
2022-06-17,SKU_A,79,379,7,150
2022-06-18,SKU_A,58,300,7,150
2022-06-19,SKU_A,70,242,7,150
2022-06-20,SKU_A,62,172,7,150
2022-06-21,SKU_A,66,410,7,150
2022-06-22,SKU_A,78,344,7,150
2022-06-23,SKU_A,67,266,7,150
2022-06-24,SKU_A,65,199,7,150
2022-06-25,SKU_A,51,434,7,150
2022-06-26,SKU_A,71,383,7,150
2022-06-27,SKU_A,70,312,7,150
2022-06-28,SKU_A,85,242,7,150
2022-06-29,SKU_A,60,157,7,150
2022-06-30,SKU_A,65,397,7,150
2022-07-01,SKU_A,65,332,7,150
2022-07-02,SKU_A,78,267,7,150
2022-07-03,SKU_A,61,189,7,150
2022-07-04,SKU_A,64,428,7,150
2022-07-05,SKU_A,67,364,7,150
2022-07-06,SKU_A,62,297,7,150
2022-07-07,SKU_A,56,235,7,150
2022-07-08,SKU_A,62,179,7,150
2022-07-09,SKU_A,70,417,7,150
2022-07-10,SKU_A,49,347,7,150
2022-07-11,SKU_A,60,298,7,150
2022-07-12,SKU_A,52,238,7,150
2022-07-13,SKU_A,70,186,7,150
2022-07-14,SKU_A,43,416,7,150
2022-07-15,SKU_A,52,373,7,150
2022-07-16,SKU_A,61,321,7,150
2022-07-17,SKU_A,73,260,7,150
2022-07-18,SKU_A,56,187,7,150
2022-07-19,SKU_A,51,431,7,150
2022-07-20,SKU_A,75,380,7,150
2022-07-21,SKU_A,41,305,7,150
2022-07-22,SKU_A,33,264,7,150
2022-07-23,SKU_A,59,231,7,150
2022-07-24,SKU_A,50,172,7,150
2022-07-25,SKU_A,44,422,7,150
2022-07-26,SKU_A,61,378,7,150
2022-07-27,SKU_A,56,317,7,150
2022-07-28,SKU_A,48,261,7,150
2022-07-29,SKU_A,40,213,7,150
2022-07-30,SKU_A,62,173,7,150
2022-07-31,SKU_A,59,411,7,150
2022-08-01,SKU_A,51,352,7,150
2022-08-02,SKU_A,71,301,7,150
2022-08-03,SKU_A,41,230,7,150
2022-08-04,SKU_A,36,189,7,150
2022-08-05,SKU_A,44,153,7,150
2022-08-06,SKU_A,51,409,7,150
2022-08-07,SKU_A,53,358,7,150
2022-08-08,SKU_A,48,305,7,150
2022-08-09,SKU_A,54,257,7,150
2022-08-10,SKU_A,37,203,7,150
2022-08-11,SKU_A,64,166,7,150
2022-08-12,SKU_A,49,402,7,150
2022-08-13,SKU_A,60,353,7,150
2022-08-14,SKU_A,52,293,7,150
2022-08-15,SKU_A,53,241,7,150
2022-08-16,SKU_A,54,188,7,150
2022-08-17,SKU_A,53,434,7,150
2022-08-18,SKU_A,54,381,7,150
2022-08-19,SKU_A,61,327,7,150
2022-08-20,SKU_A,50,266,7,150
2022-08-21,SKU_A,55,216,7,150
2022-08-22,SKU_A,46,161,7,150
2022-08-23,SKU_A,61,415,7,150
2022-08-24,SKU_A,40,354,7,150
2022-08-25,SKU_A,65,314,7,150
2022-08-26,SKU_A,46,249,7,150
2022-08-27,SKU_A,32,203,7,150
2022-08-28,SKU_A,47,171,7,150
2022-08-29,SKU_A,39,424,7,150
2022-08-30,SKU_A,54,385,7,150
2022-08-31,SKU_A,39,331,7,150
2022-09-01,SKU_A,41,292,7,150
2022-09-02,SKU_A,26,251,7,150
2022-09-03,SKU_A,41,225,7,150
2022-09-04,SKU_A,21,184,7,150
2022-09-05,SKU_A,29,163,7,150
2022-09-06,SKU_A,52,434,7,150
2022-09-07,SKU_A,52,382,7,150
2022-09-08,SKU_A,49,330,7,150
2022-09-09,SKU_A,35,281,7,150
2022-09-10,SKU_A,44,246,7,150
2022-09-11,SKU_A,44,202,7,150
2022-09-12,SKU_A,32,158,7,150
2022-09-13,SKU_A,59,426,7,150
2022-09-14,SKU_A,53,367,7,150
2022-09-15,SKU_A,42,314,7,150
2022-09-16,SKU_A,44,272,7,150
2022-09-17,SKU_A,46,228,7,150
2022-09-18,SKU_A,23,182,7,150
2022-09-19,SKU_A,41,159,7,150
2022-09-20,SKU_A,37,418,7,150
2022-09-21,SKU_A,33,381,7,150
2022-09-22,SKU_A,41,348,7,150
2022-09-23,SKU_A,61,307,7,150
2022-09-24,SKU_A,50,246,7,150
2022-09-25,SKU_A,38,196,7,150
2022-09-26,SKU_A,49,158,7,150
2022-09-27,SKU_A,57,409,7,150
2022-09-28,SKU_A,52,352,7,150
2022-09-29,SKU_A,44,300,7,150
2022-09-30,SKU_A,37,256,7,150
2022-10-01,SKU_A,50,219,7,150
2022-10-02,SKU_A,47,169,7,150
2022-10-03,SKU_A,52,422,7,150
2022-10-04,SKU_A,50,370,7,150
2022-10-05,SKU_A,54,320,7,150
2022-10-06,SKU_A,38,266,7,150
2022-10-07,SKU_A,57,228,7,150
2022-10-08,SKU_A,45,171,7,150
2022-10-09,SKU_A,64,426,7,150
2022-10-10,SKU_A,37,362,7,150
2022-10-11,SKU_A,61,325,7,150
2022-10-12,SKU_A,46,264,7,150
2022-10-13,SKU_A,37,218,7,150
2022-10-14,SKU_A,39,181,7,150
2022-10-15,SKU_A,41,442,7,150
2022-10-16,SKU_A,48,401,7,150
2022-10-17,SKU_A,49,353,7,150
2022-10-18,SKU_A,39,304,7,150
2022-10-19,SKU_A,44,265,7,150
2022-10-20,SKU_A,66,221,7,150
2022-10-21,SKU_A,62,155,7,150
2022-10-22,SKU_A,49,393,7,150
2022-10-23,SKU_A,45,344,7,150
2022-10-24,SKU_A,46,299,7,150
2022-10-25,SKU_A,51,253,7,150
2022-10-26,SKU_A,35,202,7,150
2022-10-27,SKU_A,43,167,7,150
2022-10-28,SKU_A,29,424,7,150
2022-10-29,SKU_A,50,395,7,150
2022-10-30,SKU_A,53,345,7,150
2022-10-31,SKU_A,41,292,7,150
2022-11-01,SKU_A,62,251,7,150
2022-11-02,SKU_A,34,189,7,150
2022-11-03,SKU_A,32,155,7,150
2022-11-04,SKU_A,49,423,7,150
2022-11-05,SKU_A,58,374,7,150
2022-11-06,SKU_A,64,316,7,150
2022-11-07,SKU_A,43,252,7,150
2022-11-08,SKU_A,59,209,7,150
2022-11-09,SKU_A,48,450,7,150
2022-11-10,SKU_A,47,402,7,150
2022-11-11,SKU_A,57,355,7,150
2022-11-12,SKU_A,55,298,7,150
2022-11-13,SKU_A,33,243,7,150
2022-11-14,SKU_A,64,210,7,150
2022-11-15,SKU_A,63,446,7,150
2022-11-16,SKU_A,44,383,7,150
2022-11-17,SKU_A,54,339,7,150
2022-11-18,SKU_A,55,285,7,150
2022-11-19,SKU_A,53,230,7,150
2022-11-20,SKU_A,45,177,7,150
2022-11-21,SKU_A,45,432,7,150
2022-11-22,SKU_A,51,387,7,150
2022-11-23,SKU_A,64,336,7,150
2022-11-24,SKU_A,58,272,7,150
2022-11-25,SKU_A,49,214,7,150
2022-11-26,SKU_A,60,165,7,150
2022-11-27,SKU_A,25,405,7,150
2022-11-28,SKU_A,65,380,7,150
2022-11-29,SKU_A,36,315,7,150
2022-11-30,SKU_A,50,279,7,150
2022-12-01,SKU_A,43,229,7,150
2022-12-02,SKU_A,42,186,7,150
2022-12-03,SKU_A,66,444,7,150
2022-12-04,SKU_A,50,378,7,150
2022-12-05,SKU_A,59,328,7,150
2022-12-06,SKU_A,55,269,7,150
2022-12-07,SKU_A,61,214,7,150
2022-12-08,SKU_A,57,153,7,150
2022-12-09,SKU_A,44,396,7,150
2022-12-10,SKU_A,67,352,7,150
2022-12-11,SKU_A,53,285,7,150
2022-12-12,SKU_A,42,232,7,150
2022-12-13,SKU_A,54,190,7,150
2022-12-14,SKU_A,74,436,7,150
2022-12-15,SKU_A,67,362,7,150
2022-12-16,SKU_A,56,295,7,150
2022-12-17,SKU_A,56,239,7,150
2022-12-18,SKU_A,57,183,7,150
2022-12-19,SKU_A,81,426,7,150
2022-12-20,SKU_A,64,345,7,150
2022-12-21,SKU_A,65,281,7,150
2022-12-22,SKU_A,72,216,7,150
2022-12-23,SKU_A,64,444,7,150
2022-12-24,SKU_A,59,380,7,150
2022-12-25,SKU_A,60,321,7,150
2022-12-26,SKU_A,62,261,7,150
2022-12-27,SKU_A,63,199,7,150
2022-12-28,SKU_A,71,436,7,150
2022-12-29,SKU_A,64,365,7,150
2022-12-30,SKU_A,71,301,7,150
2022-12-31,SKU_A,64,230,7,150
2020-01-01,SKU_B,81,400,10,200
2020-01-02,SKU_B,50,319,10,200
2020-01-03,SKU_B,94,269,10,200
2020-01-04,SKU_B,85,575,10,200
2020-01-05,SKU_B,96,490,10,200
2020-01-06,SKU_B,37,394,10,200
2020-01-07,SKU_B,112,357,10,200
2020-01-08,SKU_B,79,245,10,200
2020-01-09,SKU_B,98,566,10,200
2020-01-10,SKU_B,66,468,10,200
2020-01-11,SKU_B,91,402,10,200
2020-01-12,SKU_B,67,311,10,200
2020-01-13,SKU_B,73,244,10,200
2020-01-14,SKU_B,112,571,10,200
2020-01-15,SKU_B,80,459,10,200
2020-01-16,SKU_B,87,379,10,200
2020-01-17,SKU_B,97,292,10,200
2020-01-18,SKU_B,91,595,10,200
2020-01-19,SKU_B,86,504,10,200
2020-01-20,SKU_B,90,418,10,200
2020-01-21,SKU_B,121,328,10,200
2020-01-22,SKU_B,84,207,10,200
2020-01-23,SKU_B,88,523,10,200
2020-01-24,SKU_B,101,435,10,200
2020-01-25,SKU_B,102,334,10,200
2020-01-26,SKU_B,104,232,10,200
2020-01-27,SKU_B,96,528,10,200
2020-01-28,SKU_B,69,432,10,200
2020-01-29,SKU_B,111,363,10,200
2020-01-30,SKU_B,70,252,10,200
2020-01-31,SKU_B,92,582,10,200
2020-02-01,SKU_B,76,490,10,200
2020-02-02,SKU_B,87,414,10,200
2020-02-03,SKU_B,93,327,10,200
2020-02-04,SKU_B,93,234,10,200
2020-02-05,SKU_B,95,541,10,200
2020-02-06,SKU_B,113,446,10,200
2020-02-07,SKU_B,95,333,10,200
2020-02-08,SKU_B,85,238,10,200
2020-02-09,SKU_B,104,553,10,200
2020-02-10,SKU_B,107,449,10,200
2020-02-11,SKU_B,71,342,10,200
2020-02-12,SKU_B,99,271,10,200
2020-02-13,SKU_B,100,572,10,200
2020-02-14,SKU_B,86,472,10,200
2020-02-15,SKU_B,111,386,10,200
2020-02-16,SKU_B,88,275,10,200
2020-02-17,SKU_B,92,587,10,200
2020-02-18,SKU_B,88,495,10,200
2020-02-19,SKU_B,91,407,10,200
2020-02-20,SKU_B,75,316,10,200
2020-02-21,SKU_B,70,241,10,200
2020-02-22,SKU_B,115,571,10,200
2020-02-23,SKU_B,79,456,10,200
2020-02-24,SKU_B,77,377,10,200
2020-02-25,SKU_B,60,300,10,200
2020-02-26,SKU_B,83,240,10,200
2020-02-27,SKU_B,72,557,10,200
2020-02-28,SKU_B,117,485,10,200
2020-02-29,SKU_B,108,368,10,200
2020-03-01,SKU_B,82,260,10,200
2020-03-02,SKU_B,127,578,10,200
2020-03-03,SKU_B,108,451,10,200
2020-03-04,SKU_B,88,343,10,200
2020-03-05,SKU_B,56,255,10,200
2020-03-06,SKU_B,128,599,10,200
2020-03-07,SKU_B,73,471,10,200
2020-03-08,SKU_B,69,398,10,200
2020-03-09,SKU_B,109,329,10,200
2020-03-10,SKU_B,130,220,10,200
2020-03-11,SKU_B,115,490,10,200
2020-03-12,SKU_B,102,375,10,200
2020-03-13,SKU_B,103,273,10,200
2020-03-14,SKU_B,107,570,10,200
2020-03-15,SKU_B,106,463,10,200
2020-03-16,SKU_B,99,357,10,200
2020-03-17,SKU_B,96,258,10,200
2020-03-18,SKU_B,94,562,10,200
2020-03-19,SKU_B,83,468,10,200
2020-03-20,SKU_B,90,385,10,200
2020-03-21,SKU_B,69,295,10,200
2020-03-22,SKU_B,93,226,10,200
2020-03-23,SKU_B,80,533,10,200
2020-03-24,SKU_B,78,453,10,200
2020-03-25,SKU_B,98,375,10,200
2020-03-26,SKU_B,116,277,10,200
2020-03-27,SKU_B,109,561,10,200
2020-03-28,SKU_B,71,452,10,200
2020-03-29,SKU_B,80,381,10,200
2020-03-30,SKU_B,109,301,10,200
2020-03-31,SKU_B,80,592,10,200
2020-04-01,SKU_B,92,512,10,200
2020-04-02,SKU_B,103,420,10,200
2020-04-03,SKU_B,80,317,10,200
2020-04-04,SKU_B,97,237,10,200
2020-04-05,SKU_B,75,540,10,200
2020-04-06,SKU_B,86,465,10,200
2020-04-07,SKU_B,100,379,10,200
2020-04-08,SKU_B,71,279,10,200
2020-04-09,SKU_B,102,208,10,200
2020-04-10,SKU_B,95,506,10,200
2020-04-11,SKU_B,103,411,10,200
2020-04-12,SKU_B,98,308,10,200
2020-04-13,SKU_B,115,210,10,200
2020-04-14,SKU_B,97,495,10,200
2020-04-15,SKU_B,88,398,10,200
2020-04-16,SKU_B,96,310,10,200
2020-04-17,SKU_B,103,214,10,200
2020-04-18,SKU_B,95,511,10,200
2020-04-19,SKU_B,95,416,10,200
2020-04-20,SKU_B,84,321,10,200
2020-04-21,SKU_B,84,237,10,200
2020-04-22,SKU_B,73,553,10,200
2020-04-23,SKU_B,120,480,10,200
2020-04-24,SKU_B,75,360,10,200
2020-04-25,SKU_B,84,285,10,200
2020-04-26,SKU_B,83,201,10,200
2020-04-27,SKU_B,107,518,10,200
2020-04-28,SKU_B,89,411,10,200
2020-04-29,SKU_B,112,322,10,200
2020-04-30,SKU_B,83,210,10,200
2020-05-01,SKU_B,97,527,10,200
2020-05-02,SKU_B,81,430,10,200
2020-05-03,SKU_B,125,349,10,200
2020-05-04,SKU_B,75,224,10,200
2020-05-05,SKU_B,97,549,10,200
2020-05-06,SKU_B,102,452,10,200
2020-05-07,SKU_B,99,350,10,200
2020-05-08,SKU_B,90,251,10,200
2020-05-09,SKU_B,90,561,10,200
2020-05-10,SKU_B,93,471,10,200
2020-05-11,SKU_B,90,378,10,200
2020-05-12,SKU_B,106,288,10,200
2020-05-13,SKU_B,125,582,10,200
2020-05-14,SKU_B,83,457,10,200
2020-05-15,SKU_B,71,374,10,200
2020-05-16,SKU_B,90,303,10,200
2020-05-17,SKU_B,130,213,10,200
2020-05-18,SKU_B,79,483,10,200
2020-05-19,SKU_B,115,404,10,200
2020-05-20,SKU_B,115,289,10,200
2020-05-21,SKU_B,82,574,10,200
2020-05-22,SKU_B,98,492,10,200
2020-05-23,SKU_B,114,394,10,200
2020-05-24,SKU_B,84,280,10,200
2020-05-25,SKU_B,86,596,10,200
2020-05-26,SKU_B,80,510,10,200
2020-05-27,SKU_B,74,430,10,200
2020-05-28,SKU_B,79,356,10,200
2020-05-29,SKU_B,70,277,10,200
2020-05-30,SKU_B,89,207,10,200
2020-05-31,SKU_B,77,518,10,200
2020-06-01,SKU_B,91,441,10,200
2020-06-02,SKU_B,64,350,10,200
2020-06-03,SKU_B,92,286,10,200
2020-06-04,SKU_B,100,594,10,200
2020-06-05,SKU_B,57,494,10,200
2020-06-06,SKU_B,92,437,10,200
2020-06-07,SKU_B,105,345,10,200
2020-06-08,SKU_B,68,240,10,200
2020-06-09,SKU_B,111,572,10,200
2020-06-10,SKU_B,92,461,10,200
2020-06-11,SKU_B,75,369,10,200
2020-06-12,SKU_B,84,294,10,200
2020-06-13,SKU_B,93,210,10,200
2020-06-14,SKU_B,86,517,10,200
2020-06-15,SKU_B,93,431,10,200
2020-06-16,SKU_B,71,338,10,200
2020-06-17,SKU_B,87,267,10,200
2020-06-18,SKU_B,63,580,10,200
2020-06-19,SKU_B,82,517,10,200
2020-06-20,SKU_B,70,435,10,200
2020-06-21,SKU_B,72,365,10,200
2020-06-22,SKU_B,101,293,10,200
2020-06-23,SKU_B,99,592,10,200
2020-06-24,SKU_B,92,493,10,200
2020-06-25,SKU_B,66,401,10,200
2020-06-26,SKU_B,77,335,10,200
2020-06-27,SKU_B,100,258,10,200
2020-06-28,SKU_B,84,558,10,200
2020-06-29,SKU_B,116,474,10,200
2020-06-30,SKU_B,87,358,10,200
2020-07-01,SKU_B,84,271,10,200
2020-07-02,SKU_B,76,587,10,200
2020-07-03,SKU_B,82,511,10,200
2020-07-04,SKU_B,78,429,10,200
2020-07-05,SKU_B,90,351,10,200
2020-07-06,SKU_B,94,261,10,200
2020-07-07,SKU_B,67,567,10,200
2020-07-08,SKU_B,59,500,10,200
2020-07-09,SKU_B,51,441,10,200
2020-07-10,SKU_B,86,390,10,200
2020-07-11,SKU_B,62,304,10,200
2020-07-12,SKU_B,46,242,10,200
2020-07-13,SKU_B,83,596,10,200
2020-07-14,SKU_B,115,513,10,200
2020-07-15,SKU_B,77,398,10,200
2020-07-16,SKU_B,89,321,10,200
2020-07-17,SKU_B,78,232,10,200
2020-07-18,SKU_B,75,554,10,200
2020-07-19,SKU_B,90,479,10,200
2020-07-20,SKU_B,72,389,10,200
2020-07-21,SKU_B,80,317,10,200
2020-07-22,SKU_B,80,237,10,200
2020-07-23,SKU_B,65,557,10,200
2020-07-24,SKU_B,90,492,10,200
2020-07-25,SKU_B,72,402,10,200
2020-07-26,SKU_B,63,330,10,200
2020-07-27,SKU_B,82,267,10,200
2020-07-28,SKU_B,61,585,10,200
2020-07-29,SKU_B,74,524,10,200
2020-07-30,SKU_B,73,450,10,200
2020-07-31,SKU_B,90,377,10,200
2020-08-01,SKU_B,80,287,10,200
2020-08-02,SKU_B,73,207,10,200
2020-08-03,SKU_B,85,534,10,200
2020-08-04,SKU_B,93,449,10,200
2020-08-05,SKU_B,81,356,10,200
2020-08-06,SKU_B,72,275,10,200
2020-08-07,SKU_B,52,203,10,200
2020-08-08,SKU_B,56,551,10,200
2020-08-09,SKU_B,67,495,10,200
2020-08-10,SKU_B,62,428,10,200
2020-08-11,SKU_B,68,366,10,200
2020-08-12,SKU_B,72,298,10,200
2020-08-13,SKU_B,79,226,10,200
2020-08-14,SKU_B,69,547,10,200
2020-08-15,SKU_B,78,478,10,200
2020-08-16,SKU_B,71,400,10,200
2020-08-17,SKU_B,40,329,10,200
2020-08-18,SKU_B,56,289,10,200
2020-08-19,SKU_B,67,233,10,200
2020-08-20,SKU_B,51,566,10,200
2020-08-21,SKU_B,78,515,10,200
2020-08-22,SKU_B,92,437,10,200
2020-08-23,SKU_B,87,345,10,200
2020-08-24,SKU_B,66,258,10,200
2020-08-25,SKU_B,91,592,10,200
2020-08-26,SKU_B,71,501,10,200
2020-08-27,SKU_B,63,430,10,200
2020-08-28,SKU_B,59,367,10,200
2020-08-29,SKU_B,64,308,10,200
2020-08-30,SKU_B,62,244,10,200
2020-08-31,SKU_B,70,582,10,200
2020-09-01,SKU_B,70,512,10,200
2020-09-02,SKU_B,68,442,10,200
2020-09-03,SKU_B,74,374,10,200
2020-09-04,SKU_B,85,300,10,200
2020-09-05,SKU_B,82,215,10,200
2020-09-06,SKU_B,45,533,10,200
2020-09-07,SKU_B,29,488,10,200
2020-09-08,SKU_B,81,459,10,200
2020-09-09,SKU_B,46,378,10,200
2020-09-10,SKU_B,63,332,10,200
2020-09-11,SKU_B,49,269,10,200
2020-09-12,SKU_B,40,220,10,200
2020-09-13,SKU_B,75,580,10,200
2020-09-14,SKU_B,78,505,10,200
2020-09-15,SKU_B,58,427,10,200
2020-09-16,SKU_B,28,369,10,200
2020-09-17,SKU_B,58,341,10,200
2020-09-18,SKU_B,72,283,10,200
2020-09-19,SKU_B,44,211,10,200
2020-09-20,SKU_B,69,567,10,200
2020-09-21,SKU_B,66,498,10,200
2020-09-22,SKU_B,75,432,10,200
2020-09-23,SKU_B,68,357,10,200
2020-09-24,SKU_B,51,289,10,200
2020-09-25,SKU_B,84,238,10,200
2020-09-26,SKU_B,64,554,10,200
2020-09-27,SKU_B,66,490,10,200
2020-09-28,SKU_B,52,424,10,200
2020-09-29,SKU_B,59,372,10,200
2020-09-30,SKU_B,53,313,10,200
2020-10-01,SKU_B,63,260,10,200
2020-10-02,SKU_B,92,597,10,200
2020-10-03,SKU_B,45,505,10,200
2020-10-04,SKU_B,42,460,10,200
2020-10-05,SKU_B,88,418,10,200
2020-10-06,SKU_B,63,330,10,200
2020-10-07,SKU_B,56,267,10,200
2020-10-08,SKU_B,82,211,10,200
2020-10-09,SKU_B,57,529,10,200
2020-10-10,SKU_B,94,472,10,200
2020-10-11,SKU_B,76,378,10,200
2020-10-12,SKU_B,59,302,10,200
2020-10-13,SKU_B,99,243,10,200
2020-10-14,SKU_B,57,544,10,200
2020-10-15,SKU_B,78,487,10,200
2020-10-16,SKU_B,71,409,10,200
2020-10-17,SKU_B,86,338,10,200
2020-10-18,SKU_B,90,252,10,200
2020-10-19,SKU_B,67,562,10,200
2020-10-20,SKU_B,56,495,10,200
2020-10-21,SKU_B,74,439,10,200
2020-10-22,SKU_B,57,365,10,200
2020-10-23,SKU_B,97,308,10,200
2020-10-24,SKU_B,69,211,10,200
2020-10-25,SKU_B,62,542,10,200
2020-10-26,SKU_B,70,480,10,200
2020-10-27,SKU_B,47,410,10,200
2020-10-28,SKU_B,53,363,10,200
2020-10-29,SKU_B,86,310,10,200
2020-10-30,SKU_B,58,224,10,200
2020-10-31,SKU_B,52,566,10,200
2020-11-01,SKU_B,76,514,10,200
2020-11-02,SKU_B,86,438,10,200
2020-11-03,SKU_B,79,352,10,200
2020-11-04,SKU_B,84,273,10,200
2020-11-05,SKU_B,58,589,10,200
2020-11-06,SKU_B,48,531,10,200
2020-11-07,SKU_B,92,483,10,200
2020-11-08,SKU_B,65,391,10,200
2020-11-09,SKU_B,66,326,10,200
2020-11-10,SKU_B,90,260,10,200
2020-11-11,SKU_B,78,570,10,200
2020-11-12,SKU_B,77,492,10,200
2020-11-13,SKU_B,103,415,10,200
2020-11-14,SKU_B,61,312,10,200
2020-11-15,SKU_B,84,251,10,200
2020-11-16,SKU_B,72,567,10,200
2020-11-17,SKU_B,75,495,10,200
2020-11-18,SKU_B,94,420,10,200
2020-11-19,SKU_B,79,326,10,200
2020-11-20,SKU_B,80,247,10,200
2020-11-21,SKU_B,88,567,10,200
2020-11-22,SKU_B,66,479,10,200
2020-11-23,SKU_B,60,413,10,200
2020-11-24,SKU_B,57,353,10,200
2020-11-25,SKU_B,43,296,10,200
2020-11-26,SKU_B,104,253,10,200
2020-11-27,SKU_B,56,549,10,200
2020-11-28,SKU_B,70,493,10,200
2020-11-29,SKU_B,69,423,10,200
2020-11-30,SKU_B,78,354,10,200
2020-12-01,SKU_B,86,276,10,200
2020-12-02,SKU_B,87,590,10,200
2020-12-03,SKU_B,66,503,10,200
2020-12-04,SKU_B,72,437,10,200
2020-12-05,SKU_B,79,365,10,200
2020-12-06,SKU_B,71,286,10,200
2020-12-07,SKU_B,99,215,10,200
2020-12-08,SKU_B,83,516,10,200
2020-12-09,SKU_B,87,433,10,200
2020-12-10,SKU_B,86,346,10,200
2020-12-11,SKU_B,94,260,10,200
2020-12-12,SKU_B,79,566,10,200
2020-12-13,SKU_B,57,487,10,200
2020-12-14,SKU_B,83,430,10,200
2020-12-15,SKU_B,68,347,10,200
2020-12-16,SKU_B,70,279,10,200
2020-12-17,SKU_B,87,209,10,200
2020-12-18,SKU_B,97,522,10,200
2020-12-19,SKU_B,79,425,10,200
2020-12-20,SKU_B,83,346,10,200
2020-12-21,SKU_B,104,263,10,200
2020-12-22,SKU_B,83,559,10,200
2020-12-23,SKU_B,118,476,10,200
2020-12-24,SKU_B,88,358,10,200
2020-12-25,SKU_B,54,270,10,200
2020-12-26,SKU_B,91,216,10,200
2020-12-27,SKU_B,86,525,10,200
2020-12-28,SKU_B,100,439,10,200
2020-12-29,SKU_B,91,339,10,200
2020-12-30,SKU_B,79,248,10,200
2020-12-31,SKU_B,63,569,10,200
2021-01-01,SKU_B,79,506,10,200
2021-01-02,SKU_B,69,427,10,200
2021-01-03,SKU_B,74,358,10,200
2021-01-04,SKU_B,91,284,10,200
2021-01-05,SKU_B,108,593,10,200
2021-01-06,SKU_B,89,485,10,200
2021-01-07,SKU_B,65,396,10,200
2021-01-08,SKU_B,90,331,10,200
2021-01-09,SKU_B,102,241,10,200
2021-01-10,SKU_B,75,539,10,200
2021-01-11,SKU_B,82,464,10,200
2021-01-12,SKU_B,85,382,10,200
2021-01-13,SKU_B,73,297,10,200
2021-01-14,SKU_B,95,224,10,200
2021-01-15,SKU_B,84,529,10,200
2021-01-16,SKU_B,92,445,10,200
2021-01-17,SKU_B,73,353,10,200
2021-01-18,SKU_B,80,280,10,200
2021-01-19,SKU_B,97,600,10,200
2021-01-20,SKU_B,81,503,10,200
2021-01-21,SKU_B,113,422,10,200
2021-01-22,SKU_B,81,309,10,200
2021-01-23,SKU_B,91,228,10,200
2021-01-24,SKU_B,102,537,10,200
2021-01-25,SKU_B,67,435,10,200
2021-01-26,SKU_B,62,368,10,200
2021-01-27,SKU_B,65,306,10,200
2021-01-28,SKU_B,108,241,10,200
2021-01-29,SKU_B,81,533,10,200
2021-01-30,SKU_B,127,452,10,200
2021-01-31,SKU_B,81,325,10,200
2021-02-01,SKU_B,92,244,10,200
2021-02-02,SKU_B,113,552,10,200
2021-02-03,SKU_B,120,439,10,200
2021-02-04,SKU_B,121,319,10,200
2021-02-05,SKU_B,109,598,10,200
2021-02-06,SKU_B,106,489,10,200
2021-02-07,SKU_B,100,383,10,200
2021-02-08,SKU_B,103,283,10,200
2021-02-09,SKU_B,83,580,10,200
2021-02-10,SKU_B,79,497,10,200
2021-02-11,SKU_B,92,418,10,200
2021-02-12,SKU_B,89,326,10,200
2021-02-13,SKU_B,85,237,10,200
2021-02-14,SKU_B,103,552,10,200
2021-02-15,SKU_B,107,449,10,200
2021-02-16,SKU_B,94,342,10,200
2021-02-17,SKU_B,115,248,10,200
2021-02-18,SKU_B,76,533,10,200
2021-02-19,SKU_B,90,457,10,200
2021-02-20,SKU_B,83,367,10,200
2021-02-21,SKU_B,65,284,10,200
2021-02-22,SKU_B,92,219,10,200
2021-02-23,SKU_B,92,527,10,200
2021-02-24,SKU_B,117,435,10,200
2021-02-25,SKU_B,104,318,10,200
2021-02-26,SKU_B,79,214,10,200
2021-02-27,SKU_B,122,535,10,200
2021-02-28,SKU_B,113,413,10,200
2021-03-01,SKU_B,103,300,10,200
2021-03-02,SKU_B,91,597,10,200
2021-03-03,SKU_B,81,506,10,200
2021-03-04,SKU_B,90,425,10,200
2021-03-05,SKU_B,112,335,10,200
2021-03-06,SKU_B,124,223,10,200
2021-03-07,SKU_B,119,499,10,200
2021-03-08,SKU_B,88,380,10,200
2021-03-09,SKU_B,79,292,10,200
2021-03-10,SKU_B,98,213,10,200
2021-03-11,SKU_B,69,515,10,200
2021-03-12,SKU_B,101,446,10,200
2021-03-13,SKU_B,94,345,10,200
2021-03-14,SKU_B,89,251,10,200
2021-03-15,SKU_B,72,562,10,200
2021-03-16,SKU_B,104,490,10,200
2021-03-17,SKU_B,88,386,10,200
2021-03-18,SKU_B,79,298,10,200
2021-03-19,SKU_B,53,219,10,200
2021-03-20,SKU_B,96,566,10,200
2021-03-21,SKU_B,123,470,10,200
2021-03-22,SKU_B,122,347,10,200
2021-03-23,SKU_B,90,225,10,200
2021-03-24,SKU_B,88,535,10,200
2021-03-25,SKU_B,104,447,10,200
2021-03-26,SKU_B,82,343,10,200
2021-03-27,SKU_B,101,261,10,200
2021-03-28,SKU_B,108,560,10,200
2021-03-29,SKU_B,115,452,10,200
2021-03-30,SKU_B,95,337,10,200
2021-03-31,SKU_B,94,242,10,200
2021-04-01,SKU_B,84,548,10,200
2021-04-02,SKU_B,85,464,10,200
2021-04-03,SKU_B,94,379,10,200
2021-04-04,SKU_B,103,285,10,200
2021-04-05,SKU_B,111,582,10,200
2021-04-06,SKU_B,85,471,10,200
2021-04-07,SKU_B,119,386,10,200
2021-04-08,SKU_B,93,267,10,200
2021-04-09,SKU_B,97,574,10,200
2021-04-10,SKU_B,86,477,10,200
2021-04-11,SKU_B,60,391,10,200
2021-04-12,SKU_B,110,331,10,200
2021-04-13,SKU_B,108,221,10,200
2021-04-14,SKU_B,92,513,10,200
2021-04-15,SKU_B,98,421,10,200
2021-04-16,SKU_B,104,323,10,200
2021-04-17,SKU_B,73,219,10,200
2021-04-18,SKU_B,89,546,10,200
2021-04-19,SKU_B,108,457,10,200
2021-04-20,SKU_B,78,349,10,200
2021-04-21,SKU_B,101,271,10,200
2021-04-22,SKU_B,76,570,10,200
2021-04-23,SKU_B,103,494,10,200
2021-04-24,SKU_B,95,391,10,200
2021-04-25,SKU_B,72,296,10,200
2021-04-26,SKU_B,113,224,10,200
2021-04-27,SKU_B,85,511,10,200
2021-04-28,SKU_B,83,426,10,200
2021-04-29,SKU_B,98,343,10,200
2021-04-30,SKU_B,113,245,10,200
2021-05-01,SKU_B,80,532,10,200
2021-05-02,SKU_B,96,452,10,200
2021-05-03,SKU_B,101,356,10,200
2021-05-04,SKU_B,105,255,10,200
2021-05-05,SKU_B,97,550,10,200
2021-05-06,SKU_B,89,453,10,200
2021-05-07,SKU_B,82,364,10,200
2021-05-08,SKU_B,96,282,10,200
2021-05-09,SKU_B,78,586,10,200
2021-05-10,SKU_B,50,508,10,200
2021-05-11,SKU_B,100,458,10,200
2021-05-12,SKU_B,107,358,10,200
2021-05-13,SKU_B,58,251,10,200
2021-05-14,SKU_B,78,593,10,200
2021-05-15,SKU_B,102,515,10,200
2021-05-16,SKU_B,124,413,10,200
2021-05-17,SKU_B,93,289,10,200
2021-05-18,SKU_B,82,596,10,200
2021-05-19,SKU_B,90,514,10,200
2021-05-20,SKU_B,113,424,10,200
2021-05-21,SKU_B,82,311,10,200
2021-05-22,SKU_B,80,229,10,200
2021-05-23,SKU_B,84,549,10,200
2021-05-24,SKU_B,77,465,10,200
2021-05-25,SKU_B,93,388,10,200
2021-05-26,SKU_B,115,295,10,200
2021-05-27,SKU_B,96,580,10,200
2021-05-28,SKU_B,87,484,10,200
2021-05-29,SKU_B,86,397,10,200
2021-05-30,SKU_B,67,311,10,200
2021-05-31,SKU_B,103,244,10,200
2021-06-01,SKU_B,89,541,10,200
2021-06-02,SKU_B,87,452,10,200
2021-06-03,SKU_B,137,365,10,200
2021-06-04,SKU_B,94,228,10,200
2021-06-05,SKU_B,78,534,10,200
2021-06-06,SKU_B,82,456,10,200
2021-06-07,SKU_B,106,374,10,200
2021-06-08,SKU_B,90,268,10,200
2021-06-09,SKU_B,66,578,10,200
2021-06-10,SKU_B,102,512,10,200
2021-06-11,SKU_B,78,410,10,200
2021-06-12,SKU_B,115,332,10,200
2021-06-13,SKU_B,103,217,10,200
2021-06-14,SKU_B,80,514,10,200
2021-06-15,SKU_B,106,434,10,200
2021-06-16,SKU_B,87,328,10,200
2021-06-17,SKU_B,99,241,10,200
2021-06-18,SKU_B,93,542,10,200
2021-06-19,SKU_B,73,449,10,200
2021-06-20,SKU_B,76,376,10,200
2021-06-21,SKU_B,101,300,10,200
2021-06-22,SKU_B,80,599,10,200
2021-06-23,SKU_B,79,519,10,200
2021-06-24,SKU_B,70,440,10,200
2021-06-25,SKU_B,90,370,10,200
2021-06-26,SKU_B,115,280,10,200
2021-06-27,SKU_B,68,565,10,200
2021-06-28,SKU_B,84,497,10,200
2021-06-29,SKU_B,104,413,10,200
2021-06-30,SKU_B,82,309,10,200
2021-07-01,SKU_B,89,227,10,200
2021-07-02,SKU_B,66,538,10,200
2021-07-03,SKU_B,89,472,10,200
2021-07-04,SKU_B,79,383,10,200
2021-07-05,SKU_B,96,304,10,200
2021-07-06,SKU_B,99,208,10,200
2021-07-07,SKU_B,120,509,10,200
2021-07-08,SKU_B,90,389,10,200
2021-07-09,SKU_B,85,299,10,200
2021-07-10,SKU_B,83,214,10,200
2021-07-11,SKU_B,75,531,10,200
2021-07-12,SKU_B,85,456,10,200
2021-07-13,SKU_B,75,371,10,200
2021-07-14,SKU_B,82,296,10,200
2021-07-15,SKU_B,99,214,10,200
2021-07-16,SKU_B,64,515,10,200
2021-07-17,SKU_B,96,451,10,200
2021-07-18,SKU_B,98,355,10,200
2021-07-19,SKU_B,76,257,10,200
2021-07-20,SKU_B,46,581,10,200
2021-07-21,SKU_B,69,535,10,200
2021-07-22,SKU_B,97,466,10,200
2021-07-23,SKU_B,77,369,10,200
2021-07-24,SKU_B,62,292,10,200
2021-07-25,SKU_B,69,230,10,200
2021-07-26,SKU_B,89,561,10,200
2021-07-27,SKU_B,84,472,10,200
2021-07-28,SKU_B,72,388,10,200
2021-07-29,SKU_B,70,316,10,200
2021-07-30,SKU_B,70,246,10,200
2021-07-31,SKU_B,62,576,10,200
2021-08-01,SKU_B,99,514,10,200
2021-08-02,SKU_B,70,415,10,200
2021-08-03,SKU_B,93,345,10,200
2021-08-04,SKU_B,97,252,10,200
2021-08-05,SKU_B,89,555,10,200
2021-08-06,SKU_B,68,466,10,200
2021-08-07,SKU_B,80,398,10,200
2021-08-08,SKU_B,73,318,10,200
2021-08-09,SKU_B,60,245,10,200
2021-08-10,SKU_B,78,585,10,200
2021-08-11,SKU_B,55,507,10,200
2021-08-12,SKU_B,91,452,10,200
2021-08-13,SKU_B,66,361,10,200
2021-08-14,SKU_B,76,295,10,200
2021-08-15,SKU_B,77,219,10,200
2021-08-16,SKU_B,68,542,10,200
2021-08-17,SKU_B,81,474,10,200
2021-08-18,SKU_B,65,393,10,200
2021-08-19,SKU_B,85,328,10,200
2021-08-20,SKU_B,51,243,10,200
2021-08-21,SKU_B,73,592,10,200
2021-08-22,SKU_B,100,519,10,200
2021-08-23,SKU_B,56,419,10,200
2021-08-24,SKU_B,61,363,10,200
2021-08-25,SKU_B,78,302,10,200
2021-08-26,SKU_B,73,224,10,200
2021-08-27,SKU_B,76,551,10,200
2021-08-28,SKU_B,78,475,10,200
2021-08-29,SKU_B,80,397,10,200
2021-08-30,SKU_B,87,317,10,200
2021-08-31,SKU_B,76,230,10,200
2021-09-01,SKU_B,66,554,10,200
2021-09-02,SKU_B,80,488,10,200
2021-09-03,SKU_B,98,408,10,200
2021-09-04,SKU_B,67,310,10,200
2021-09-05,SKU_B,55,243,10,200
2021-09-06,SKU_B,86,588,10,200
2021-09-07,SKU_B,67,502,10,200
2021-09-08,SKU_B,36,435,10,200
2021-09-09,SKU_B,82,399,10,200
2021-09-10,SKU_B,61,317,10,200
2021-09-11,SKU_B,67,256,10,200
2021-09-12,SKU_B,74,589,10,200
2021-09-13,SKU_B,71,515,10,200
2021-09-14,SKU_B,79,444,10,200
2021-09-15,SKU_B,62,365,10,200
2021-09-16,SKU_B,76,303,10,200
2021-09-17,SKU_B,64,227,10,200
2021-09-18,SKU_B,79,563,10,200
2021-09-19,SKU_B,77,484,10,200
2021-09-20,SKU_B,54,407,10,200
2021-09-21,SKU_B,84,353,10,200
2021-09-22,SKU_B,60,269,10,200
2021-09-23,SKU_B,80,209,10,200
2021-09-24,SKU_B,74,529,10,200
2021-09-25,SKU_B,96,455,10,200
2021-09-26,SKU_B,65,359,10,200
2021-09-27,SKU_B,63,294,10,200
2021-09-28,SKU_B,68,231,10,200
2021-09-29,SKU_B,63,563,10,200
2021-09-30,SKU_B,80,500,10,200
2021-10-01,SKU_B,44,420,10,200
2021-10-02,SKU_B,52,376,10,200
2021-10-03,SKU_B,52,324,10,200
2021-10-04,SKU_B,82,272,10,200
2021-10-05,SKU_B,94,590,10,200
2021-10-06,SKU_B,67,496,10,200
2021-10-07,SKU_B,66,429,10,200
2021-10-08,SKU_B,69,363,10,200
2021-10-09,SKU_B,86,294,10,200
2021-10-10,SKU_B,54,208,10,200
2021-10-11,SKU_B,72,554,10,200
2021-10-12,SKU_B,83,482,10,200
2021-10-13,SKU_B,76,399,10,200
2021-10-14,SKU_B,71,323,10,200
2021-10-15,SKU_B,84,252,10,200
2021-10-16,SKU_B,28,568,10,200
2021-10-17,SKU_B,79,540,10,200
2021-10-18,SKU_B,59,461,10,200
2021-10-19,SKU_B,41,402,10,200
2021-10-20,SKU_B,77,361,10,200
2021-10-21,SKU_B,90,284,10,200
2021-10-22,SKU_B,67,594,10,200
2021-10-23,SKU_B,84,527,10,200
2021-10-24,SKU_B,93,443,10,200
2021-10-25,SKU_B,89,350,10,200
2021-10-26,SKU_B,94,261,10,200
2021-10-27,SKU_B,81,567,10,200
2021-10-28,SKU_B,71,486,10,200
2021-10-29,SKU_B,46,415,10,200
2021-10-30,SKU_B,66,369,10,200
2021-10-31,SKU_B,58,303,10,200
2021-11-01,SKU_B,103,245,10,200
2021-11-02,SKU_B,68,542,10,200
2021-11-03,SKU_B,72,474,10,200
2021-11-04,SKU_B,79,402,10,200
2021-11-05,SKU_B,72,323,10,200
2021-11-06,SKU_B,96,251,10,200
2021-11-07,SKU_B,62,555,10,200
2021-11-08,SKU_B,74,493,10,200
2021-11-09,SKU_B,60,419,10,200
2021-11-10,SKU_B,52,359,10,200
2021-11-11,SKU_B,63,307,10,200
2021-11-12,SKU_B,71,244,10,200
2021-11-13,SKU_B,66,573,10,200
2021-11-14,SKU_B,62,507,10,200
2021-11-15,SKU_B,51,445,10,200
2021-11-16,SKU_B,72,394,10,200
2021-11-17,SKU_B,50,322,10,200
2021-11-18,SKU_B,85,272,10,200
2021-11-19,SKU_B,75,587,10,200
2021-11-20,SKU_B,52,512,10,200
2021-11-21,SKU_B,69,460,10,200
2021-11-22,SKU_B,63,391,10,200
2021-11-23,SKU_B,79,328,10,200
2021-11-24,SKU_B,94,249,10,200
2021-11-25,SKU_B,46,555,10,200
2021-11-26,SKU_B,77,509,10,200
2021-11-27,SKU_B,73,432,10,200
2021-11-28,SKU_B,85,359,10,200
2021-11-29,SKU_B,79,274,10,200
2021-11-30,SKU_B,64,595,10,200
2021-12-01,SKU_B,71,531,10,200
2021-12-02,SKU_B,64,460,10,200
2021-12-03,SKU_B,93,396,10,200
2021-12-04,SKU_B,77,303,10,200
2021-12-05,SKU_B,105,226,10,200
2021-12-06,SKU_B,76,521,10,200
2021-12-07,SKU_B,67,445,10,200
2021-12-08,SKU_B,55,378,10,200
2021-12-09,SKU_B,51,323,10,200
2021-12-10,SKU_B,54,272,10,200
2021-12-11,SKU_B,82,218,10,200
2021-12-12,SKU_B,86,536,10,200
2021-12-13,SKU_B,55,450,10,200
2021-12-14,SKU_B,93,395,10,200
2021-12-15,SKU_B,72,302,10,200
2021-12-16,SKU_B,82,230,10,200
2021-12-17,SKU_B,104,548,10,200
2021-12-18,SKU_B,94,444,10,200
2021-12-19,SKU_B,76,350,10,200
2021-12-20,SKU_B,67,274,10,200
2021-12-21,SKU_B,49,207,10,200
2021-12-22,SKU_B,70,558,10,200
2021-12-23,SKU_B,78,488,10,200
2021-12-24,SKU_B,67,410,10,200
2021-12-25,SKU_B,80,343,10,200
2021-12-26,SKU_B,83,263,10,200
2021-12-27,SKU_B,79,580,10,200
2021-12-28,SKU_B,73,501,10,200
2021-12-29,SKU_B,86,428,10,200
2021-12-30,SKU_B,90,342,10,200
2021-12-31,SKU_B,67,252,10,200
2022-01-01,SKU_B,105,585,10,200
2022-01-02,SKU_B,83,480,10,200
2022-01-03,SKU_B,85,397,10,200
2022-01-04,SKU_B,95,312,10,200
2022-01-05,SKU_B,88,217,10,200
2022-01-06,SKU_B,99,529,10,200
2022-01-07,SKU_B,90,430,10,200
2022-01-08,SKU_B,76,340,10,200
2022-01-09,SKU_B,91,264,10,200
2022-01-10,SKU_B,69,573,10,200
2022-01-11,SKU_B,88,504,10,200
2022-01-12,SKU_B,86,416,10,200
2022-01-13,SKU_B,84,330,10,200
2022-01-14,SKU_B,85,246,10,200
2022-01-15,SKU_B,59,561,10,200
2022-01-16,SKU_B,79,502,10,200
2022-01-17,SKU_B,89,423,10,200
2022-01-18,SKU_B,91,334,10,200
2022-01-19,SKU_B,73,243,10,200
2022-01-20,SKU_B,108,570,10,200
2022-01-21,SKU_B,76,462,10,200
2022-01-22,SKU_B,104,386,10,200
2022-01-23,SKU_B,96,282,10,200
2022-01-24,SKU_B,80,586,10,200
2022-01-25,SKU_B,117,506,10,200
2022-01-26,SKU_B,72,389,10,200
2022-01-27,SKU_B,104,317,10,200
2022-01-28,SKU_B,106,213,10,200
2022-01-29,SKU_B,81,507,10,200
2022-01-30,SKU_B,112,426,10,200
2022-01-31,SKU_B,88,314,10,200
2022-02-01,SKU_B,96,226,10,200
2022-02-02,SKU_B,96,530,10,200
2022-02-03,SKU_B,90,434,10,200
2022-02-04,SKU_B,104,344,10,200
2022-02-05,SKU_B,104,240,10,200
2022-02-06,SKU_B,66,536,10,200
2022-02-07,SKU_B,112,470,10,200
2022-02-08,SKU_B,68,358,10,200
2022-02-09,SKU_B,109,290,10,200
2022-02-10,SKU_B,110,581,10,200
2022-02-11,SKU_B,77,471,10,200
2022-02-12,SKU_B,88,394,10,200
2022-02-13,SKU_B,77,306,10,200
2022-02-14,SKU_B,91,229,10,200
2022-02-15,SKU_B,90,538,10,200
2022-02-16,SKU_B,106,448,10,200
2022-02-17,SKU_B,114,342,10,200
2022-02-18,SKU_B,116,228,10,200
2022-02-19,SKU_B,87,512,10,200
2022-02-20,SKU_B,92,425,10,200
2022-02-21,SKU_B,70,333,10,200
2022-02-22,SKU_B,84,263,10,200
2022-02-23,SKU_B,110,579,10,200
2022-02-24,SKU_B,120,469,10,200
2022-02-25,SKU_B,78,349,10,200
2022-02-26,SKU_B,87,271,10,200
2022-02-27,SKU_B,96,584,10,200
2022-02-28,SKU_B,101,488,10,200
2022-03-01,SKU_B,85,387,10,200
2022-03-02,SKU_B,103,302,10,200
2022-03-03,SKU_B,90,599,10,200
2022-03-04,SKU_B,97,509,10,200
2022-03-05,SKU_B,105,412,10,200
2022-03-06,SKU_B,97,307,10,200
2022-03-07,SKU_B,91,210,10,200
2022-03-08,SKU_B,96,519,10,200
2022-03-09,SKU_B,96,423,10,200
2022-03-10,SKU_B,92,327,10,200
2022-03-11,SKU_B,94,235,10,200
2022-03-12,SKU_B,122,541,10,200
2022-03-13,SKU_B,106,419,10,200
2022-03-14,SKU_B,94,313,10,200
2022-03-15,SKU_B,109,219,10,200
2022-03-16,SKU_B,93,510,10,200
2022-03-17,SKU_B,116,417,10,200
2022-03-18,SKU_B,104,301,10,200
2022-03-19,SKU_B,97,597,10,200
2022-03-20,SKU_B,105,500,10,200
2022-03-21,SKU_B,75,395,10,200
2022-03-22,SKU_B,82,320,10,200
2022-03-23,SKU_B,81,238,10,200
2022-03-24,SKU_B,101,557,10,200
2022-03-25,SKU_B,125,456,10,200
2022-03-26,SKU_B,132,331,10,200
2022-03-27,SKU_B,108,599,10,200
2022-03-28,SKU_B,106,491,10,200
2022-03-29,SKU_B,72,385,10,200
2022-03-30,SKU_B,91,313,10,200
2022-03-31,SKU_B,87,222,10,200
2022-04-01,SKU_B,90,535,10,200
2022-04-02,SKU_B,96,445,10,200
2022-04-03,SKU_B,92,349,10,200
2022-04-04,SKU_B,69,257,10,200
2022-04-05,SKU_B,110,588,10,200
2022-04-06,SKU_B,83,478,10,200
2022-04-07,SKU_B,103,395,10,200
2022-04-08,SKU_B,130,292,10,200
2022-04-09,SKU_B,85,562,10,200
2022-04-10,SKU_B,61,477,10,200
2022-04-11,SKU_B,95,416,10,200
2022-04-12,SKU_B,115,321,10,200
2022-04-13,SKU_B,128,206,10,200
2022-04-14,SKU_B,80,478,10,200
2022-04-15,SKU_B,106,398,10,200
2022-04-16,SKU_B,92,292,10,200
2022-04-17,SKU_B,97,600,10,200
2022-04-18,SKU_B,138,503,10,200
2022-04-19,SKU_B,76,365,10,200
2022-04-20,SKU_B,102,289,10,200
2022-04-21,SKU_B,105,587,10,200
2022-04-22,SKU_B,114,482,10,200
2022-04-23,SKU_B,100,368,10,200
2022-04-24,SKU_B,103,268,10,200
2022-04-25,SKU_B,92,565,10,200
2022-04-26,SKU_B,102,473,10,200
2022-04-27,SKU_B,93,371,10,200
2022-04-28,SKU_B,107,278,10,200
2022-04-29,SKU_B,92,571,10,200
2022-04-30,SKU_B,103,479,10,200
2022-05-01,SKU_B,97,376,10,200
2022-05-02,SKU_B,114,279,10,200
2022-05-03,SKU_B,96,565,10,200
2022-05-04,SKU_B,70,469,10,200
2022-05-05,SKU_B,116,399,10,200
2022-05-06,SKU_B,83,283,10,200
2022-05-07,SKU_B,87,600,10,200
2022-05-08,SKU_B,87,513,10,200
2022-05-09,SKU_B,117,426,10,200
2022-05-10,SKU_B,64,309,10,200
2022-05-11,SKU_B,143,245,10,200
2022-05-12,SKU_B,112,502,10,200
2022-05-13,SKU_B,99,390,10,200
2022-05-14,SKU_B,95,291,10,200
2022-05-15,SKU_B,99,596,10,200
2022-05-16,SKU_B,103,497,10,200
2022-05-17,SKU_B,105,394,10,200
2022-05-18,SKU_B,103,289,10,200
2022-05-19,SKU_B,96,586,10,200
2022-05-20,SKU_B,91,490,10,200
2022-05-21,SKU_B,92,399,10,200
2022-05-22,SKU_B,91,307,10,200
2022-05-23,SKU_B,111,216,10,200
2022-05-24,SKU_B,102,505,10,200
2022-05-25,SKU_B,49,403,10,200
2022-05-26,SKU_B,103,354,10,200
2022-05-27,SKU_B,96,251,10,200
2022-05-28,SKU_B,92,555,10,200
2022-05-29,SKU_B,87,463,10,200
2022-05-30,SKU_B,109,376,10,200
2022-05-31,SKU_B,106,267,10,200
2022-06-01,SKU_B,80,561,10,200
2022-06-02,SKU_B,98,481,10,200
2022-06-03,SKU_B,77,383,10,200
2022-06-04,SKU_B,70,306,10,200
2022-06-05,SKU_B,82,236,10,200
2022-06-06,SKU_B,104,554,10,200
2022-06-07,SKU_B,105,450,10,200
2022-06-08,SKU_B,98,345,10,200
2022-06-09,SKU_B,101,247,10,200
2022-06-10,SKU_B,98,546,10,200
2022-06-11,SKU_B,80,448,10,200
2022-06-12,SKU_B,96,368,10,200
2022-06-13,SKU_B,101,272,10,200
2022-06-14,SKU_B,100,571,10,200
2022-06-15,SKU_B,106,471,10,200
2022-06-16,SKU_B,99,365,10,200
2022-06-17,SKU_B,93,266,10,200
2022-06-18,SKU_B,104,573,10,200
2022-06-19,SKU_B,87,469,10,200
2022-06-20,SKU_B,74,382,10,200
2022-06-21,SKU_B,85,308,10,200
2022-06-22,SKU_B,76,223,10,200
2022-06-23,SKU_B,77,547,10,200
2022-06-24,SKU_B,84,470,10,200
2022-06-25,SKU_B,74,386,10,200
2022-06-26,SKU_B,81,312,10,200
2022-06-27,SKU_B,57,231,10,200
2022-06-28,SKU_B,89,574,10,200
2022-06-29,SKU_B,85,485,10,200
2022-06-30,SKU_B,73,400,10,200
2022-07-01,SKU_B,95,327,10,200
2022-07-02,SKU_B,98,232,10,200
2022-07-03,SKU_B,60,534,10,200
2022-07-04,SKU_B,72,474,10,200
2022-07-05,SKU_B,72,402,10,200
2022-07-06,SKU_B,69,330,10,200
2022-07-07,SKU_B,96,261,10,200
2022-07-08,SKU_B,80,565,10,200
2022-07-09,SKU_B,79,485,10,200
2022-07-10,SKU_B,52,406,10,200
2022-07-11,SKU_B,92,354,10,200
2022-07-12,SKU_B,63,262,10,200
2022-07-13,SKU_B,83,599,10,200
2022-07-14,SKU_B,86,516,10,200
2022-07-15,SKU_B,102,430,10,200
2022-07-16,SKU_B,61,328,10,200
2022-07-17,SKU_B,35,267,10,200
2022-07-18,SKU_B,83,232,10,200
2022-07-19,SKU_B,107,549,10,200
2022-07-20,SKU_B,98,442,10,200
2022-07-21,SKU_B,83,344,10,200
2022-07-22,SKU_B,72,261,10,200
2022-07-23,SKU_B,91,589,10,200
2022-07-24,SKU_B,64,498,10,200
2022-07-25,SKU_B,86,434,10,200
2022-07-26,SKU_B,86,348,10,200
2022-07-27,SKU_B,94,262,10,200
2022-07-28,SKU_B,119,568,10,200
2022-07-29,SKU_B,84,449,10,200
2022-07-30,SKU_B,70,365,10,200
2022-07-31,SKU_B,77,295,10,200
2022-08-01,SKU_B,51,218,10,200
2022-08-02,SKU_B,67,567,10,200
2022-08-03,SKU_B,71,500,10,200
2022-08-04,SKU_B,69,429,10,200
2022-08-05,SKU_B,79,360,10,200
2022-08-06,SKU_B,64,281,10,200
2022-08-07,SKU_B,93,217,10,200
2022-08-08,SKU_B,76,524,10,200
2022-08-09,SKU_B,75,448,10,200
2022-08-10,SKU_B,70,373,10,200
2022-08-11,SKU_B,77,303,10,200
2022-08-12,SKU_B,87,226,10,200
2022-08-13,SKU_B,62,539,10,200
2022-08-14,SKU_B,65,477,10,200
2022-08-15,SKU_B,70,412,10,200
2022-08-16,SKU_B,54,342,10,200
2022-08-17,SKU_B,62,288,10,200
2022-08-18,SKU_B,67,226,10,200
2022-08-19,SKU_B,87,559,10,200
2022-08-20,SKU_B,77,472,10,200
2022-08-21,SKU_B,76,395,10,200
2022-08-22,SKU_B,86,319,10,200
2022-08-23,SKU_B,71,233,10,200
2022-08-24,SKU_B,79,562,10,200
2022-08-25,SKU_B,71,483,10,200
2022-08-26,SKU_B,77,412,10,200
2022-08-27,SKU_B,64,335,10,200
2022-08-28,SKU_B,36,271,10,200
2022-08-29,SKU_B,70,235,10,200
2022-08-30,SKU_B,93,565,10,200
2022-08-31,SKU_B,86,472,10,200
2022-09-01,SKU_B,86,386,10,200
2022-09-02,SKU_B,90,300,10,200
2022-09-03,SKU_B,73,210,10,200
2022-09-04,SKU_B,74,537,10,200
2022-09-05,SKU_B,62,463,10,200
2022-09-06,SKU_B,66,401,10,200
2022-09-07,SKU_B,80,335,10,200
2022-09-08,SKU_B,89,255,10,200
2022-09-09,SKU_B,69,566,10,200
2022-09-10,SKU_B,64,497,10,200
2022-09-11,SKU_B,71,433,10,200
2022-09-12,SKU_B,80,362,10,200
2022-09-13,SKU_B,49,282,10,200
2022-09-14,SKU_B,36,233,10,200
2022-09-15,SKU_B,62,597,10,200
2022-09-16,SKU_B,52,535,10,200
2022-09-17,SKU_B,63,483,10,200
2022-09-18,SKU_B,68,420,10,200
2022-09-19,SKU_B,63,352,10,200
2022-09-20,SKU_B,92,289,10,200
2022-09-21,SKU_B,75,597,10,200
2022-09-22,SKU_B,75,522,10,200
2022-09-23,SKU_B,79,447,10,200
2022-09-24,SKU_B,53,368,10,200
2022-09-25,SKU_B,86,315,10,200
2022-09-26,SKU_B,69,229,10,200
2022-09-27,SKU_B,80,560,10,200
2022-09-28,SKU_B,54,480,10,200
2022-09-29,SKU_B,47,426,10,200
2022-09-30,SKU_B,82,379,10,200
2022-10-01,SKU_B,76,297,10,200
2022-10-02,SKU_B,56,221,10,200
2022-10-03,SKU_B,57,565,10,200
2022-10-04,SKU_B,87,508,10,200
2022-10-05,SKU_B,52,421,10,200
2022-10-06,SKU_B,95,369,10,200
2022-10-07,SKU_B,57,274,10,200
2022-10-08,SKU_B,80,217,10,200
2022-10-09,SKU_B,65,537,10,200
2022-10-10,SKU_B,79,472,10,200
2022-10-11,SKU_B,62,393,10,200
2022-10-12,SKU_B,68,331,10,200
2022-10-13,SKU_B,71,263,10,200
2022-10-14,SKU_B,55,592,10,200
2022-10-15,SKU_B,82,537,10,200
2022-10-16,SKU_B,63,455,10,200
2022-10-17,SKU_B,67,392,10,200
2022-10-18,SKU_B,56,325,10,200
2022-10-19,SKU_B,32,269,10,200
2022-10-20,SKU_B,68,237,10,200
2022-10-21,SKU_B,107,569,10,200
2022-10-22,SKU_B,83,462,10,200
2022-10-23,SKU_B,71,379,10,200
2022-10-24,SKU_B,67,308,10,200
2022-10-25,SKU_B,72,241,10,200
2022-10-26,SKU_B,80,569,10,200
2022-10-27,SKU_B,54,489,10,200
2022-10-28,SKU_B,88,435,10,200
2022-10-29,SKU_B,83,347,10,200
2022-10-30,SKU_B,83,264,10,200
2022-10-31,SKU_B,79,581,10,200
2022-11-01,SKU_B,73,502,10,200
2022-11-02,SKU_B,83,429,10,200
2022-11-03,SKU_B,81,346,10,200
2022-11-04,SKU_B,67,265,10,200
2022-11-05,SKU_B,64,598,10,200
2022-11-06,SKU_B,75,534,10,200
2022-11-07,SKU_B,96,459,10,200
2022-11-08,SKU_B,55,363,10,200
2022-11-09,SKU_B,51,308,10,200
2022-11-10,SKU_B,76,257,10,200
2022-11-11,SKU_B,75,581,10,200
2022-11-12,SKU_B,77,506,10,200
2022-11-13,SKU_B,78,429,10,200
2022-11-14,SKU_B,71,351,10,200
2022-11-15,SKU_B,97,280,10,200
2022-11-16,SKU_B,51,583,10,200
2022-11-17,SKU_B,63,532,10,200
2022-11-18,SKU_B,74,469,10,200
2022-11-19,SKU_B,51,395,10,200
2022-11-20,SKU_B,73,344,10,200
2022-11-21,SKU_B,101,271,10,200
2022-11-22,SKU_B,76,570,10,200
2022-11-23,SKU_B,80,494,10,200
2022-11-24,SKU_B,57,414,10,200
2022-11-25,SKU_B,67,357,10,200
2022-11-26,SKU_B,71,290,10,200
2022-11-27,SKU_B,72,219,10,200
2022-11-28,SKU_B,96,547,10,200
2022-11-29,SKU_B,86,451,10,200
2022-11-30,SKU_B,61,365,10,200
2022-12-01,SKU_B,82,304,10,200
2022-12-02,SKU_B,86,222,10,200
2022-12-03,SKU_B,95,536,10,200
2022-12-04,SKU_B,102,441,10,200
2022-12-05,SKU_B,64,339,10,200
2022-12-06,SKU_B,67,275,10,200
2022-12-07,SKU_B,60,208,10,200
2022-12-08,SKU_B,76,548,10,200
2022-12-09,SKU_B,87,472,10,200
2022-12-10,SKU_B,95,385,10,200
2022-12-11,SKU_B,79,290,10,200
2022-12-12,SKU_B,76,211,10,200
2022-12-13,SKU_B,83,535,10,200
2022-12-14,SKU_B,69,452,10,200
2022-12-15,SKU_B,113,383,10,200
2022-12-16,SKU_B,57,270,10,200
2022-12-17,SKU_B,85,213,10,200
2022-12-18,SKU_B,112,528,10,200
2022-12-19,SKU_B,82,416,10,200
2022-12-20,SKU_B,80,334,10,200
2022-12-21,SKU_B,78,254,10,200
2022-12-22,SKU_B,80,576,10,200
2022-12-23,SKU_B,104,496,10,200
2022-12-24,SKU_B,50,392,10,200
2022-12-25,SKU_B,107,342,10,200
2022-12-26,SKU_B,63,235,10,200
2022-12-27,SKU_B,80,572,10,200
2022-12-28,SKU_B,78,492,10,200
2022-12-29,SKU_B,94,414,10,200
2022-12-30,SKU_B,61,320,10,200
2022-12-31,SKU_B,92,259,10,200
2020-01-01,SKU_C,40,200,5,100
2020-01-02,SKU_C,23,160,5,100
2020-01-03,SKU_C,31,137,5,100
2020-01-04,SKU_C,27,106,5,100
2020-01-05,SKU_C,32,279,5,100
2020-01-06,SKU_C,30,247,5,100
2020-01-07,SKU_C,27,217,5,100
2020-01-08,SKU_C,33,190,5,100
2020-01-09,SKU_C,40,157,5,100
2020-01-10,SKU_C,30,117,5,100
2020-01-11,SKU_C,35,287,5,100
2020-01-12,SKU_C,25,252,5,100
2020-01-13,SKU_C,27,227,5,100
2020-01-14,SKU_C,34,200,5,100
2020-01-15,SKU_C,39,166,5,100
2020-01-16,SKU_C,34,127,5,100
2020-01-17,SKU_C,31,293,5,100
2020-01-18,SKU_C,33,262,5,100
2020-01-19,SKU_C,26,229,5,100
2020-01-20,SKU_C,36,203,5,100
2020-01-21,SKU_C,37,167,5,100
2020-01-22,SKU_C,31,130,5,100
2020-01-23,SKU_C,31,299,5,100
2020-01-24,SKU_C,35,268,5,100
2020-01-25,SKU_C,32,233,5,100
2020-01-26,SKU_C,34,201,5,100
2020-01-27,SKU_C,45,167,5,100
2020-01-28,SKU_C,33,122,5,100
2020-01-29,SKU_C,33,289,5,100
2020-01-30,SKU_C,31,256,5,100
2020-01-31,SKU_C,38,225,5,100
2020-02-01,SKU_C,34,187,5,100
2020-02-02,SKU_C,32,153,5,100
2020-02-03,SKU_C,42,121,5,100
2020-02-04,SKU_C,42,279,5,100
2020-02-05,SKU_C,32,237,5,100
2020-02-06,SKU_C,26,205,5,100
2020-02-07,SKU_C,41,179,5,100
2020-02-08,SKU_C,32,138,5,100
2020-02-09,SKU_C,40,106,5,100
2020-02-10,SKU_C,26,266,5,100
2020-02-11,SKU_C,41,240,5,100
2020-02-12,SKU_C,30,199,5,100
2020-02-13,SKU_C,40,169,5,100
2020-02-14,SKU_C,37,129,5,100
2020-02-15,SKU_C,32,292,5,100
2020-02-16,SKU_C,35,260,5,100
2020-02-17,SKU_C,41,225,5,100
2020-02-18,SKU_C,38,184,5,100
2020-02-19,SKU_C,40,146,5,100
2020-02-20,SKU_C,47,106,5,100
2020-02-21,SKU_C,30,259,5,100
2020-02-22,SKU_C,46,229,5,100
2020-02-23,SKU_C,38,183,5,100
2020-02-24,SKU_C,33,145,5,100
2020-02-25,SKU_C,31,112,5,100
2020-02-26,SKU_C,37,281,5,100
2020-02-27,SKU_C,43,244,5,100
2020-02-28,SKU_C,38,201,5,100
2020-02-29,SKU_C,46,163,5,100
2020-03-01,SKU_C,31,117,5,100
2020-03-02,SKU_C,39,286,5,100
2020-03-03,SKU_C,33,247,5,100
2020-03-04,SKU_C,41,214,5,100
2020-03-05,SKU_C,43,173,5,100
2020-03-06,SKU_C,37,130,5,100
2020-03-07,SKU_C,26,293,5,100
2020-03-08,SKU_C,40,267,5,100
2020-03-09,SKU_C,41,227,5,100
2020-03-10,SKU_C,41,186,5,100
2020-03-11,SKU_C,46,145,5,100
2020-03-12,SKU_C,34,299,5,100
2020-03-13,SKU_C,43,265,5,100
2020-03-14,SKU_C,46,222,5,100
2020-03-15,SKU_C,31,176,5,100
2020-03-16,SKU_C,41,145,5,100
2020-03-17,SKU_C,37,104,5,100
2020-03-18,SKU_C,39,267,5,100
2020-03-19,SKU_C,42,228,5,100
2020-03-20,SKU_C,37,186,5,100
2020-03-21,SKU_C,37,149,5,100
2020-03-22,SKU_C,40,112,5,100
2020-03-23,SKU_C,35,272,5,100
2020-03-24,SKU_C,35,237,5,100
2020-03-25,SKU_C,44,202,5,100
2020-03-26,SKU_C,34,158,5,100
2020-03-27,SKU_C,43,124,5,100
2020-03-28,SKU_C,43,281,5,100
2020-03-29,SKU_C,32,238,5,100
2020-03-30,SKU_C,37,206,5,100
2020-03-31,SKU_C,46,169,5,100
2020-04-01,SKU_C,35,123,5,100
2020-04-02,SKU_C,38,288,5,100
2020-04-03,SKU_C,43,250,5,100
2020-04-04,SKU_C,44,207,5,100
2020-04-05,SKU_C,39,163,5,100
2020-04-06,SKU_C,37,124,5,100
2020-04-07,SKU_C,47,287,5,100
2020-04-08,SKU_C,49,240,5,100
2020-04-09,SKU_C,45,191,5,100
2020-04-10,SKU_C,41,146,5,100
2020-04-11,SKU_C,36,105,5,100
2020-04-12,SKU_C,36,269,5,100
2020-04-13,SKU_C,43,233,5,100
2020-04-14,SKU_C,42,190,5,100
2020-04-15,SKU_C,47,148,5,100
2020-04-16,SKU_C,43,101,5,100
2020-04-17,SKU_C,32,258,5,100
2020-04-18,SKU_C,45,226,5,100
2020-04-19,SKU_C,35,181,5,100
2020-04-20,SKU_C,38,146,5,100
2020-04-21,SKU_C,41,108,5,100
2020-04-22,SKU_C,50,267,5,100
2020-04-23,SKU_C,55,217,5,100
2020-04-24,SKU_C,43,162,5,100
2020-04-25,SKU_C,39,119,5,100
2020-04-26,SKU_C,42,280,5,100
2020-04-27,SKU_C,44,238,5,100
2020-04-28,SKU_C,38,194,5,100
2020-04-29,SKU_C,48,156,5,100
2020-04-30,SKU_C,40,108,5,100
2020-05-01,SKU_C,42,268,5,100
2020-05-02,SKU_C,42,226,5,100
2020-05-03,SKU_C,41,184,5,100
2020-05-04,SKU_C,43,143,5,100
2020-05-05,SKU_C,36,300,5,100
2020-05-06,SKU_C,36,264,5,100
2020-05-07,SKU_C,33,228,5,100
2020-05-08,SKU_C,41,195,5,100
2020-05-09,SKU_C,42,154,5,100
2020-05-10,SKU_C,41,112,5,100
2020-05-11,SKU_C,47,271,5,100
2020-05-12,SKU_C,38,224,5,100
2020-05-13,SKU_C,41,186,5,100
2020-05-14,SKU_C,33,145,5,100
2020-05-15,SKU_C,36,112,5,100
2020-05-16,SKU_C,41,276,5,100
2020-05-17,SKU_C,42,235,5,100
2020-05-18,SKU_C,36,193,5,100
2020-05-19,SKU_C,37,157,5,100
2020-05-20,SKU_C,30,120,5,100
2020-05-21,SKU_C,35,290,5,100
2020-05-22,SKU_C,42,255,5,100
2020-05-23,SKU_C,40,213,5,100
2020-05-24,SKU_C,39,173,5,100
2020-05-25,SKU_C,37,134,5,100
2020-05-26,SKU_C,37,297,5,100
2020-05-27,SKU_C,33,260,5,100
2020-05-28,SKU_C,40,227,5,100
2020-05-29,SKU_C,38,187,5,100
2020-05-30,SKU_C,39,149,5,100
2020-05-31,SKU_C,33,110,5,100
2020-06-01,SKU_C,25,277,5,100
2020-06-02,SKU_C,41,252,5,100
2020-06-03,SKU_C,33,211,5,100
2020-06-04,SKU_C,31,178,5,100
2020-06-05,SKU_C,39,147,5,100
2020-06-06,SKU_C,33,108,5,100
2020-06-07,SKU_C,40,275,5,100
2020-06-08,SKU_C,38,235,5,100
2020-06-09,SKU_C,38,197,5,100
2020-06-10,SKU_C,28,159,5,100
2020-06-11,SKU_C,40,131,5,100
2020-06-12,SKU_C,35,291,5,100
2020-06-13,SKU_C,32,256,5,100
2020-06-14,SKU_C,35,224,5,100
2020-06-15,SKU_C,25,189,5,100
2020-06-16,SKU_C,36,164,5,100
2020-06-17,SKU_C,28,128,5,100
2020-06-18,SKU_C,26,300,5,100
2020-06-19,SKU_C,25,274,5,100
2020-06-20,SKU_C,38,249,5,100
2020-06-21,SKU_C,30,211,5,100
2020-06-22,SKU_C,40,181,5,100
2020-06-23,SKU_C,30,141,5,100
2020-06-24,SKU_C,24,111,5,100
2020-06-25,SKU_C,26,287,5,100
2020-06-26,SKU_C,38,261,5,100
2020-06-27,SKU_C,31,223,5,100
2020-06-28,SKU_C,29,192,5,100
2020-06-29,SKU_C,32,163,5,100
2020-06-30,SKU_C,34,131,5,100
2020-07-01,SKU_C,37,297,5,100
2020-07-02,SKU_C,38,260,5,100
2020-07-03,SKU_C,29,222,5,100
2020-07-04,SKU_C,24,193,5,100
2020-07-05,SKU_C,28,169,5,100
2020-07-06,SKU_C,32,141,5,100
2020-07-07,SKU_C,25,109,5,100
2020-07-08,SKU_C,25,284,5,100
2020-07-09,SKU_C,31,259,5,100
2020-07-10,SKU_C,29,228,5,100
2020-07-11,SKU_C,30,199,5,100
2020-07-12,SKU_C,25,169,5,100
2020-07-13,SKU_C,28,144,5,100
2020-07-14,SKU_C,24,116,5,100
2020-07-15,SKU_C,33,292,5,100
2020-07-16,SKU_C,34,259,5,100
2020-07-17,SKU_C,19,225,5,100
2020-07-18,SKU_C,24,206,5,100
2020-07-19,SKU_C,21,182,5,100
2020-07-20,SKU_C,25,161,5,100
2020-07-21,SKU_C,27,136,5,100
2020-07-22,SKU_C,20,109,5,100
2020-07-23,SKU_C,23,289,5,100
2020-07-24,SKU_C,22,266,5,100
2020-07-25,SKU_C,28,244,5,100
2020-07-26,SKU_C,27,216,5,100
2020-07-27,SKU_C,23,189,5,100
2020-07-28,SKU_C,28,166,5,100
2020-07-29,SKU_C,24,138,5,100
2020-07-30,SKU_C,25,114,5,100
2020-07-31,SKU_C,35,289,5,100
2020-08-01,SKU_C,33,254,5,100
2020-08-02,SKU_C,20,221,5,100
2020-08-03,SKU_C,30,201,5,100
2020-08-04,SKU_C,30,171,5,100
2020-08-05,SKU_C,20,141,5,100
2020-08-06,SKU_C,30,121,5,100
2020-08-07,SKU_C,33,291,5,100
2020-08-08,SKU_C,20,258,5,100
2020-08-09,SKU_C,21,238,5,100
2020-08-10,SKU_C,30,217,5,100
2020-08-11,SKU_C,26,187,5,100
2020-08-12,SKU_C,28,161,5,100
2020-08-13,SKU_C,26,133,5,100
2020-08-14,SKU_C,27,107,5,100
2020-08-15,SKU_C,18,280,5,100
2020-08-16,SKU_C,30,262,5,100
2020-08-17,SKU_C,30,232,5,100
2020-08-18,SKU_C,23,202,5,100
2020-08-19,SKU_C,24,179,5,100
2020-08-20,SKU_C,16,155,5,100
2020-08-21,SKU_C,26,139,5,100
2020-08-22,SKU_C,27,113,5,100
2020-08-23,SKU_C,23,286,5,100
2020-08-24,SKU_C,29,263,5,100
2020-08-25,SKU_C,22,234,5,100
2020-08-26,SKU_C,26,212,5,100
2020-08-27,SKU_C,18,186,5,100
2020-08-28,SKU_C,23,168,5,100
2020-08-29,SKU_C,22,145,5,100
2020-08-30,SKU_C,24,123,5,100
2020-08-31,SKU_C,21,299,5,100
2020-09-01,SKU_C,22,278,5,100
2020-09-02,SKU_C,27,256,5,100
2020-09-03,SKU_C,20,229,5,100
2020-09-04,SKU_C,15,209,5,100
2020-09-05,SKU_C,31,194,5,100
2020-09-06,SKU_C,29,163,5,100
2020-09-07,SKU_C,16,134,5,100
2020-09-08,SKU_C,26,118,5,100
2020-09-09,SKU_C,20,292,5,100
2020-09-10,SKU_C,24,272,5,100
2020-09-11,SKU_C,24,248,5,100
2020-09-12,SKU_C,21,224,5,100
2020-09-13,SKU_C,18,203,5,100
2020-09-14,SKU_C,19,185,5,100
2020-09-15,SKU_C,17,166,5,100
2020-09-16,SKU_C,18,149,5,100
2020-09-17,SKU_C,22,131,5,100
2020-09-18,SKU_C,18,109,5,100
2020-09-19,SKU_C,25,291,5,100
2020-09-20,SKU_C,29,266,5,100
2020-09-21,SKU_C,19,237,5,100
2020-09-22,SKU_C,23,218,5,100
2020-09-23,SKU_C,24,195,5,100
2020-09-24,SKU_C,24,171,5,100
2020-09-25,SKU_C,22,147,5,100
2020-09-26,SKU_C,25,125,5,100
2020-09-27,SKU_C,24,300,5,100
2020-09-28,SKU_C,16,276,5,100
2020-09-29,SKU_C,26,260,5,100
2020-09-30,SKU_C,26,234,5,100
2020-10-01,SKU_C,18,208,5,100
2020-10-02,SKU_C,22,190,5,100
2020-10-03,SKU_C,25,168,5,100
2020-10-04,SKU_C,21,143,5,100
2020-10-05,SKU_C,27,122,5,100
2020-10-06,SKU_C,34,295,5,100
2020-10-07,SKU_C,18,261,5,100
2020-10-08,SKU_C,15,243,5,100
2020-10-09,SKU_C,23,228,5,100
2020-10-10,SKU_C,26,205,5,100
2020-10-11,SKU_C,21,179,5,100
2020-10-12,SKU_C,29,158,5,100
2020-10-13,SKU_C,15,129,5,100
2020-10-14,SKU_C,26,114,5,100
2020-10-15,SKU_C,19,288,5,100
2020-10-16,SKU_C,31,269,5,100
2020-10-17,SKU_C,32,238,5,100
2020-10-18,SKU_C,18,206,5,100
2020-10-19,SKU_C,20,188,5,100
2020-10-20,SKU_C,27,168,5,100
2020-10-21,SKU_C,21,141,5,100
2020-10-22,SKU_C,22,120,5,100
2020-10-23,SKU_C,23,298,5,100
2020-10-24,SKU_C,13,275,5,100
2020-10-25,SKU_C,23,262,5,100
2020-10-26,SKU_C,19,239,5,100
2020-10-27,SKU_C,21,220,5,100
2020-10-28,SKU_C,30,199,5,100
2020-10-29,SKU_C,17,169,5,100
2020-10-30,SKU_C,27,152,5,100
2020-10-31,SKU_C,22,125,5,100
2020-11-01,SKU_C,22,103,5,100
2020-11-02,SKU_C,27,281,5,100
2020-11-03,SKU_C,25,254,5,100
2020-11-04,SKU_C,27,229,5,100
2020-11-05,SKU_C,29,202,5,100
2020-11-06,SKU_C,22,173,5,100
2020-11-07,SKU_C,21,151,5,100
2020-11-08,SKU_C,19,130,5,100
2020-11-09,SKU_C,20,111,5,100
2020-11-10,SKU_C,39,291,5,100
2020-11-11,SKU_C,31,252,5,100
2020-11-12,SKU_C,18,221,5,100
2020-11-13,SKU_C,18,203,5,100
2020-11-14,SKU_C,27,185,5,100
2020-11-15,SKU_C,28,158,5,100
2020-11-16,SKU_C,28,130,5,100
2020-11-17,SKU_C,24,102,5,100
2020-11-18,SKU_C,25,278,5,100
2020-11-19,SKU_C,27,253,5,100
2020-11-20,SKU_C,26,226,5,100
2020-11-21,SKU_C,15,200,5,100
2020-11-22,SKU_C,25,185,5,100
2020-11-23,SKU_C,22,160,5,100
2020-11-24,SKU_C,27,138,5,100
2020-11-25,SKU_C,41,111,5,100
2020-11-26,SKU_C,28,270,5,100
2020-11-27,SKU_C,25,242,5,100
2020-11-28,SKU_C,31,217,5,100
2020-11-29,SKU_C,29,186,5,100
2020-11-30,SKU_C,29,157,5,100
2020-12-01,SKU_C,30,128,5,100
2020-12-02,SKU_C,38,298,5,100
2020-12-03,SKU_C,22,260,5,100
2020-12-04,SKU_C,30,238,5,100
2020-12-05,SKU_C,23,208,5,100
2020-12-06,SKU_C,31,185,5,100
2020-12-07,SKU_C,24,154,5,100
2020-12-08,SKU_C,26,130,5,100
2020-12-09,SKU_C,27,104,5,100
2020-12-10,SKU_C,34,277,5,100
2020-12-11,SKU_C,34,243,5,100
2020-12-12,SKU_C,23,209,5,100
2020-12-13,SKU_C,30,186,5,100
2020-12-14,SKU_C,26,156,5,100
2020-12-15,SKU_C,23,130,5,100
2020-12-16,SKU_C,29,107,5,100
2020-12-17,SKU_C,28,278,5,100
2020-12-18,SKU_C,42,250,5,100
2020-12-19,SKU_C,33,208,5,100
2020-12-20,SKU_C,24,175,5,100
2020-12-21,SKU_C,28,151,5,100
2020-12-22,SKU_C,36,123,5,100
2020-12-23,SKU_C,42,287,5,100
2020-12-24,SKU_C,23,245,5,100
2020-12-25,SKU_C,22,222,5,100
2020-12-26,SKU_C,41,200,5,100
2020-12-27,SKU_C,34,159,5,100
2020-12-28,SKU_C,28,125,5,100
2020-12-29,SKU_C,35,297,5,100
2020-12-30,SKU_C,19,262,5,100
2020-12-31,SKU_C,33,243,5,100
2021-01-01,SKU_C,34,210,5,100
2021-01-02,SKU_C,37,176,5,100
2021-01-03,SKU_C,28,139,5,100
2021-01-04,SKU_C,34,111,5,100
2021-01-05,SKU_C,29,277,5,100
2021-01-06,SKU_C,35,248,5,100
2021-01-07,SKU_C,29,213,5,100
2021-01-08,SKU_C,32,184,5,100
2021-01-09,SKU_C,29,152,5,100
2021-01-10,SKU_C,38,123,5,100
2021-01-11,SKU_C,39,285,5,100
2021-01-12,SKU_C,33,246,5,100
2021-01-13,SKU_C,35,213,5,100
2021-01-14,SKU_C,28,178,5,100
2021-01-15,SKU_C,34,150,5,100
2021-01-16,SKU_C,35,116,5,100
2021-01-17,SKU_C,49,281,5,100
2021-01-18,SKU_C,30,232,5,100
2021-01-19,SKU_C,43,202,5,100
2021-01-20,SKU_C,41,159,5,100
2021-01-21,SKU_C,38,118,5,100
2021-01-22,SKU_C,45,280,5,100
2021-01-23,SKU_C,38,235,5,100
2021-01-24,SKU_C,39,197,5,100
2021-01-25,SKU_C,37,158,5,100
2021-01-26,SKU_C,43,121,5,100
2021-01-27,SKU_C,43,278,5,100
2021-01-28,SKU_C,34,235,5,100
2021-01-29,SKU_C,31,201,5,100
2021-01-30,SKU_C,37,170,5,100
2021-01-31,SKU_C,34,133,5,100
2021-02-01,SKU_C,38,299,5,100
2021-02-02,SKU_C,44,261,5,100
2021-02-03,SKU_C,36,217,5,100
2021-02-04,SKU_C,38,181,5,100
2021-02-05,SKU_C,39,143,5,100
2021-02-06,SKU_C,43,104,5,100
2021-02-07,SKU_C,28,261,5,100
2021-02-08,SKU_C,36,233,5,100
2021-02-09,SKU_C,40,197,5,100
2021-02-10,SKU_C,45,157,5,100
2021-02-11,SKU_C,37,112,5,100
2021-02-12,SKU_C,30,275,5,100
2021-02-13,SKU_C,43,245,5,100
2021-02-14,SKU_C,37,202,5,100
2021-02-15,SKU_C,34,165,5,100
2021-02-16,SKU_C,37,131,5,100
2021-02-17,SKU_C,39,294,5,100
2021-02-18,SKU_C,37,255,5,100
2021-02-19,SKU_C,29,218,5,100
2021-02-20,SKU_C,45,189,5,100
2021-02-21,SKU_C,47,144,5,100
2021-02-22,SKU_C,44,297,5,100
2021-02-23,SKU_C,35,253,5,100
2021-02-24,SKU_C,40,218,5,100
2021-02-25,SKU_C,41,178,5,100
2021-02-26,SKU_C,44,137,5,100
2021-02-27,SKU_C,45,293,5,100
2021-02-28,SKU_C,38,248,5,100
2021-03-01,SKU_C,42,210,5,100
2021-03-02,SKU_C,44,168,5,100
2021-03-03,SKU_C,49,124,5,100
2021-03-04,SKU_C,45,275,5,100
2021-03-05,SKU_C,46,230,5,100
2021-03-06,SKU_C,42,184,5,100
2021-03-07,SKU_C,49,142,5,100
2021-03-08,SKU_C,44,293,5,100
2021-03-09,SKU_C,38,249,5,100
2021-03-10,SKU_C,49,211,5,100
2021-03-11,SKU_C,46,162,5,100
2021-03-12,SKU_C,40,116,5,100
2021-03-13,SKU_C,40,276,5,100
2021-03-14,SKU_C,44,236,5,100
2021-03-15,SKU_C,45,192,5,100
2021-03-16,SKU_C,44,147,5,100
2021-03-17,SKU_C,44,103,5,100
2021-03-18,SKU_C,51,259,5,100
2021-03-19,SKU_C,48,208,5,100
2021-03-20,SKU_C,44,160,5,100
2021-03-21,SKU_C,48,116,5,100
2021-03-22,SKU_C,38,268,5,100
2021-03-23,SKU_C,45,230,5,100
2021-03-24,SKU_C,52,185,5,100
2021-03-25,SKU_C,42,133,5,100
2021-03-26,SKU_C,39,291,5,100
2021-03-27,SKU_C,40,252,5,100
2021-03-28,SKU_C,38,212,5,100
2021-03-29,SKU_C,39,174,5,100
2021-03-30,SKU_C,41,135,5,100
2021-03-31,SKU_C,36,294,5,100
2021-04-01,SKU_C,43,258,5,100
2021-04-02,SKU_C,48,215,5,100
2021-04-03,SKU_C,39,167,5,100
2021-04-04,SKU_C,51,128,5,100
2021-04-05,SKU_C,46,277,5,100
2021-04-06,SKU_C,48,231,5,100
2021-04-07,SKU_C,40,183,5,100
2021-04-08,SKU_C,48,143,5,100
2021-04-09,SKU_C,38,295,5,100
2021-04-10,SKU_C,48,257,5,100
2021-04-11,SKU_C,44,209,5,100
2021-04-12,SKU_C,46,165,5,100
2021-04-13,SKU_C,37,119,5,100
2021-04-14,SKU_C,39,282,5,100
2021-04-15,SKU_C,46,243,5,100
2021-04-16,SKU_C,38,197,5,100
2021-04-17,SKU_C,45,159,5,100
2021-04-18,SKU_C,36,114,5,100
2021-04-19,SKU_C,47,278,5,100
2021-04-20,SKU_C,37,231,5,100
2021-04-21,SKU_C,46,194,5,100
2021-04-22,SKU_C,46,148,5,100
2021-04-23,SKU_C,39,102,5,100
2021-04-24,SKU_C,46,263,5,100
2021-04-25,SKU_C,44,217,5,100
2021-04-26,SKU_C,40,173,5,100
2021-04-27,SKU_C,37,133,5,100
2021-04-28,SKU_C,33,296,5,100
2021-04-29,SKU_C,44,263,5,100
2021-04-30,SKU_C,34,219,5,100
2021-05-01,SKU_C,43,185,5,100
2021-05-02,SKU_C,41,142,5,100
2021-05-03,SKU_C,45,101,5,100
2021-05-04,SKU_C,40,256,5,100
2021-05-05,SKU_C,40,216,5,100
2021-05-06,SKU_C,45,176,5,100
2021-05-07,SKU_C,43,131,5,100
2021-05-08,SKU_C,43,288,5,100
2021-05-09,SKU_C,44,245,5,100
2021-05-10,SKU_C,34,201,5,100
2021-05-11,SKU_C,45,167,5,100
2021-05-12,SKU_C,44,122,5,100
2021-05-13,SKU_C,36,278,5,100
2021-05-14,SKU_C,40,242,5,100
2021-05-15,SKU_C,41,202,5,100
2021-05-16,SKU_C,40,161,5,100
2021-05-17,SKU_C,42,121,5,100
2021-05-18,SKU_C,48,279,5,100
2021-05-19,SKU_C,46,231,5,100
2021-05-20,SKU_C,34,185,5,100
2021-05-21,SKU_C,43,151,5,100
2021-05-22,SKU_C,47,108,5,100
2021-05-23,SKU_C,42,261,5,100
2021-05-24,SKU_C,45,219,5,100
2021-05-25,SKU_C,50,174,5,100
2021-05-26,SKU_C,45,124,5,100
2021-05-27,SKU_C,41,279,5,100
2021-05-28,SKU_C,45,238,5,100
2021-05-29,SKU_C,40,193,5,100
2021-05-30,SKU_C,39,153,5,100
2021-05-31,SKU_C,37,114,5,100
2021-06-01,SKU_C,47,277,5,100
2021-06-02,SKU_C,35,230,5,100
2021-06-03,SKU_C,46,195,5,100
2021-06-04,SKU_C,41,149,5,100
2021-06-05,SKU_C,31,108,5,100
2021-06-06,SKU_C,40,277,5,100
2021-06-07,SKU_C,27,237,5,100
2021-06-08,SKU_C,41,210,5,100
2021-06-09,SKU_C,42,169,5,100
2021-06-10,SKU_C,34,127,5,100
2021-06-11,SKU_C,38,293,5,100
2021-06-12,SKU_C,47,255,5,100
2021-06-13,SKU_C,34,208,5,100
2021-06-14,SKU_C,32,174,5,100
2021-06-15,SKU_C,44,142,5,100
2021-06-16,SKU_C,46,298,5,100
2021-06-17,SKU_C,36,252,5,100
2021-06-18,SKU_C,41,216,5,100
2021-06-19,SKU_C,43,175,5,100
2021-06-20,SKU_C,32,132,5,100
2021-06-21,SKU_C,33,300,5,100
2021-06-22,SKU_C,42,267,5,100
2021-06-23,SKU_C,44,225,5,100
2021-06-24,SKU_C,38,181,5,100
2021-06-25,SKU_C,31,143,5,100
2021-06-26,SKU_C,45,112,5,100
2021-06-27,SKU_C,32,267,5,100
2021-06-28,SKU_C,33,235,5,100
2021-06-29,SKU_C,36,202,5,100
2021-06-30,SKU_C,42,166,5,100
2021-07-01,SKU_C,38,124,5,100
2021-07-02,SKU_C,36,286,5,100
2021-07-03,SKU_C,36,250,5,100
2021-07-04,SKU_C,34,214,5,100
2021-07-05,SKU_C,36,180,5,100
2021-07-06,SKU_C,21,144,5,100
2021-07-07,SKU_C,32,123,5,100
2021-07-08,SKU_C,34,291,5,100
2021-07-09,SKU_C,27,257,5,100
2021-07-10,SKU_C,35,230,5,100
2021-07-11,SKU_C,31,195,5,100
2021-07-12,SKU_C,41,164,5,100
2021-07-13,SKU_C,40,123,5,100
2021-07-14,SKU_C,30,283,5,100
2021-07-15,SKU_C,31,253,5,100
2021-07-16,SKU_C,31,222,5,100
2021-07-17,SKU_C,29,191,5,100
2021-07-18,SKU_C,32,162,5,100
2021-07-19,SKU_C,27,130,5,100
2021-07-20,SKU_C,25,103,5,100
2021-07-21,SKU_C,34,278,5,100
2021-07-22,SKU_C,34,244,5,100
2021-07-23,SKU_C,27,210,5,100
2021-07-24,SKU_C,35,183,5,100
2021-07-25,SKU_C,27,148,5,100
2021-07-26,SKU_C,31,121,5,100
2021-07-27,SKU_C,34,290,5,100
2021-07-28,SKU_C,30,256,5,100
2021-07-29,SKU_C,32,226,5,100
2021-07-30,SKU_C,27,194,5,100
2021-07-31,SKU_C,28,167,5,100
2021-08-01,SKU_C,28,139,5,100
2021-08-02,SKU_C,25,111,5,100
2021-08-03,SKU_C,28,286,5,100
2021-08-04,SKU_C,21,258,5,100
2021-08-05,SKU_C,26,237,5,100
2021-08-06,SKU_C,27,211,5,100
2021-08-07,SKU_C,27,184,5,100
2021-08-08,SKU_C,27,157,5,100
2021-08-09,SKU_C,28,130,5,100
2021-08-10,SKU_C,30,102,5,100
2021-08-11,SKU_C,32,272,5,100
2021-08-12,SKU_C,25,240,5,100
2021-08-13,SKU_C,22,215,5,100
2021-08-14,SKU_C,22,193,5,100
2021-08-15,SKU_C,25,171,5,100
2021-08-16,SKU_C,26,146,5,100
2021-08-17,SKU_C,23,120,5,100
2021-08-18,SKU_C,21,297,5,100
2021-08-19,SKU_C,25,276,5,100
2021-08-20,SKU_C,28,251,5,100
2021-08-21,SKU_C,30,223,5,100
2021-08-22,SKU_C,24,193,5,100
2021-08-23,SKU_C,25,169,5,100
2021-08-24,SKU_C,22,144,5,100
2021-08-25,SKU_C,26,122,5,100
2021-08-26,SKU_C,22,296,5,100
2021-08-27,SKU_C,29,274,5,100
2021-08-28,SKU_C,17,245,5,100
2021-08-29,SKU_C,24,228,5,100
2021-08-30,SKU_C,27,204,5,100
2021-08-31,SKU_C,27,177,5,100
2021-09-01,SKU_C,39,150,5,100
2021-09-02,SKU_C,27,111,5,100
2021-09-03,SKU_C,21,284,5,100
2021-09-04,SKU_C,25,263,5,100
2021-09-05,SKU_C,17,238,5,100
2021-09-06,SKU_C,25,221,5,100
2021-09-07,SKU_C,21,196,5,100
2021-09-08,SKU_C,30,175,5,100
2021-09-09,SKU_C,23,145,5,100
2021-09-10,SKU_C,25,122,5,100
2021-09-11,SKU_C,22,297,5,100
2021-09-12,SKU_C,34,275,5,100
2021-09-13,SKU_C,23,241,5,100
2021-09-14,SKU_C,34,218,5,100
2021-09-15,SKU_C,29,184,5,100
2021-09-16,SKU_C,27,155,5,100
2021-09-17,SKU_C,27,128,5,100
2021-09-18,SKU_C,27,101,5,100
2021-09-19,SKU_C,15,274,5,100
2021-09-20,SKU_C,23,259,5,100
2021-09-21,SKU_C,29,236,5,100
2021-09-22,SKU_C,25,207,5,100
2021-09-23,SKU_C,18,182,5,100
2021-09-24,SKU_C,24,164,5,100
2021-09-25,SKU_C,33,140,5,100
2021-09-26,SKU_C,31,107,5,100
2021-09-27,SKU_C,24,276,5,100
2021-09-28,SKU_C,29,252,5,100
2021-09-29,SKU_C,23,223,5,100
2021-09-30,SKU_C,16,200,5,100
2021-10-01,SKU_C,20,184,5,100
2021-10-02,SKU_C,33,164,5,100
2021-10-03,SKU_C,23,131,5,100
2021-10-04,SKU_C,24,108,5,100
2021-10-05,SKU_C,23,284,5,100
2021-10-06,SKU_C,34,261,5,100
2021-10-07,SKU_C,33,227,5,100
2021-10-08,SKU_C,36,194,5,100
2021-10-09,SKU_C,24,158,5,100
2021-10-10,SKU_C,26,134,5,100
2021-10-11,SKU_C,17,108,5,100
2021-10-12,SKU_C,32,291,5,100
2021-10-13,SKU_C,19,259,5,100
2021-10-14,SKU_C,26,240,5,100
2021-10-15,SKU_C,20,214,5,100
2021-10-16,SKU_C,22,194,5,100
2021-10-17,SKU_C,21,172,5,100
2021-10-18,SKU_C,22,151,5,100
2021-10-19,SKU_C,23,129,5,100
2021-10-20,SKU_C,23,106,5,100
2021-10-21,SKU_C,30,283,5,100
2021-10-22,SKU_C,20,253,5,100
2021-10-23,SKU_C,27,233,5,100
2021-10-24,SKU_C,32,206,5,100
2021-10-25,SKU_C,23,174,5,100
2021-10-26,SKU_C,22,151,5,100
2021-10-27,SKU_C,25,129,5,100
2021-10-28,SKU_C,32,104,5,100
2021-10-29,SKU_C,27,272,5,100
2021-10-30,SKU_C,24,245,5,100
2021-10-31,SKU_C,29,221,5,100
2021-11-01,SKU_C,21,192,5,100
2021-11-02,SKU_C,30,171,5,100
2021-11-03,SKU_C,29,141,5,100
2021-11-04,SKU_C,25,112,5,100
2021-11-05,SKU_C,23,287,5,100
2021-11-06,SKU_C,22,264,5,100
2021-11-07,SKU_C,30,242,5,100
2021-11-08,SKU_C,33,212,5,100
2021-11-09,SKU_C,24,179,5,100
2021-11-10,SKU_C,30,155,5,100
2021-11-11,SKU_C,17,125,5,100
2021-11-12,SKU_C,25,108,5,100
2021-11-13,SKU_C,28,283,5,100
2021-11-14,SKU_C,23,255,5,100
2021-11-15,SKU_C,23,232,5,100
2021-11-16,SKU_C,25,209,5,100
2021-11-17,SKU_C,30,184,5,100
2021-11-18,SKU_C,27,154,5,100
2021-11-19,SKU_C,17,127,5,100
2021-11-20,SKU_C,18,110,5,100
2021-11-21,SKU_C,26,292,5,100
2021-11-22,SKU_C,31,266,5,100
2021-11-23,SKU_C,15,235,5,100
2021-11-24,SKU_C,27,220,5,100
2021-11-25,SKU_C,27,193,5,100
2021-11-26,SKU_C,36,166,5,100
2021-11-27,SKU_C,28,130,5,100
2021-11-28,SKU_C,32,102,5,100
2021-11-29,SKU_C,31,270,5,100
2021-11-30,SKU_C,20,239,5,100
2021-12-01,SKU_C,34,219,5,100
2021-12-02,SKU_C,32,185,5,100
2021-12-03,SKU_C,33,153,5,100
2021-12-04,SKU_C,50,120,5,100
2021-12-05,SKU_C,21,270,5,100
2021-12-06,SKU_C,40,249,5,100
2021-12-07,SKU_C,30,209,5,100
2021-12-08,SKU_C,33,179,5,100
2021-12-09,SKU_C,31,146,5,100
2021-12-10,SKU_C,30,115,5,100
2021-12-11,SKU_C,29,285,5,100
2021-12-12,SKU_C,34,256,5,100
2021-12-13,SKU_C,25,222,5,100
2021-12-14,SKU_C,36,197,5,100
2021-12-15,SKU_C,31,161,5,100
2021-12-16,SKU_C,27,130,5,100
2021-12-17,SKU_C,31,103,5,100
2021-12-18,SKU_C,39,272,5,100
2021-12-19,SKU_C,31,233,5,100
2021-12-20,SKU_C,35,202,5,100
2021-12-21,SKU_C,30,167,5,100
2021-12-22,SKU_C,38,137,5,100
2021-12-23,SKU_C,37,299,5,100
2021-12-24,SKU_C,43,262,5,100
2021-12-25,SKU_C,34,219,5,100
2021-12-26,SKU_C,38,185,5,100
2021-12-27,SKU_C,35,147,5,100
2021-12-28,SKU_C,41,112,5,100
2021-12-29,SKU_C,32,271,5,100
2021-12-30,SKU_C,39,239,5,100
2021-12-31,SKU_C,35,200,5,100
2022-01-01,SKU_C,35,165,5,100
2022-01-02,SKU_C,36,130,5,100
2022-01-03,SKU_C,37,294,5,100
2022-01-04,SKU_C,36,257,5,100
2022-01-05,SKU_C,37,221,5,100
2022-01-06,SKU_C,44,184,5,100
2022-01-07,SKU_C,42,140,5,100
2022-01-08,SKU_C,41,298,5,100
2022-01-09,SKU_C,35,257,5,100
2022-01-10,SKU_C,33,222,5,100
2022-01-11,SKU_C,42,189,5,100
2022-01-12,SKU_C,42,147,5,100
2022-01-13,SKU_C,45,105,5,100
2022-01-14,SKU_C,35,260,5,100
2022-01-15,SKU_C,37,225,5,100
2022-01-16,SKU_C,30,188,5,100
2022-01-17,SKU_C,37,158,5,100
2022-01-18,SKU_C,44,121,5,100
2022-01-19,SKU_C,37,277,5,100
2022-01-20,SKU_C,42,240,5,100
2022-01-21,SKU_C,38,198,5,100
2022-01-22,SKU_C,41,160,5,100
2022-01-23,SKU_C,34,119,5,100
2022-01-24,SKU_C,40,285,5,100
2022-01-25,SKU_C,25,245,5,100
2022-01-26,SKU_C,39,220,5,100
2022-01-27,SKU_C,32,181,5,100
2022-01-28,SKU_C,46,149,5,100
2022-01-29,SKU_C,44,103,5,100
2022-01-30,SKU_C,43,259,5,100
2022-01-31,SKU_C,48,216,5,100
2022-02-01,SKU_C,36,168,5,100
2022-02-02,SKU_C,50,132,5,100
2022-02-03,SKU_C,46,282,5,100
2022-02-04,SKU_C,40,236,5,100
2022-02-05,SKU_C,47,196,5,100
2022-02-06,SKU_C,36,149,5,100
2022-02-07,SKU_C,38,113,5,100
2022-02-08,SKU_C,39,275,5,100
2022-02-09,SKU_C,40,236,5,100
2022-02-10,SKU_C,37,196,5,100
2022-02-11,SKU_C,49,159,5,100
2022-02-12,SKU_C,41,110,5,100
2022-02-13,SKU_C,44,269,5,100
2022-02-14,SKU_C,40,225,5,100
2022-02-15,SKU_C,34,185,5,100
2022-02-16,SKU_C,44,151,5,100
2022-02-17,SKU_C,34,107,5,100
2022-02-18,SKU_C,43,273,5,100
2022-02-19,SKU_C,37,230,5,100
2022-02-20,SKU_C,54,193,5,100
2022-02-21,SKU_C,48,139,5,100
2022-02-22,SKU_C,44,291,5,100
2022-02-23,SKU_C,50,247,5,100
2022-02-24,SKU_C,40,197,5,100
2022-02-25,SKU_C,47,157,5,100
2022-02-26,SKU_C,45,110,5,100
2022-02-27,SKU_C,46,265,5,100
2022-02-28,SKU_C,51,219,5,100
2022-03-01,SKU_C,48,168,5,100
2022-03-02,SKU_C,46,120,5,100
2022-03-03,SKU_C,36,274,5,100
2022-03-04,SKU_C,40,238,5,100
2022-03-05,SKU_C,44,198,5,100
2022-03-06,SKU_C,45,154,5,100
2022-03-07,SKU_C,39,109,5,100
2022-03-08,SKU_C,57,270,5,100
2022-03-09,SKU_C,53,213,5,100
2022-03-10,SKU_C,48,160,5,100
2022-03-11,SKU_C,46,112,5,100
2022-03-12,SKU_C,44,266,5,100
2022-03-13,SKU_C,41,222,5,100
2022-03-14,SKU_C,46,181,5,100
2022-03-15,SKU_C,47,135,5,100
2022-03-16,SKU_C,40,288,5,100
2022-03-17,SKU_C,47,248,5,100
2022-03-18,SKU_C,45,201,5,100
2022-03-19,SKU_C,36,156,5,100
2022-03-20,SKU_C,42,120,5,100
2022-03-21,SKU_C,44,278,5,100
2022-03-22,SKU_C,55,234,5,100
2022-03-23,SKU_C,49,179,5,100
2022-03-24,SKU_C,39,130,5,100
2022-03-25,SKU_C,49,291,5,100
2022-03-26,SKU_C,38,242,5,100
2022-03-27,SKU_C,52,204,5,100
2022-03-28,SKU_C,44,152,5,100
2022-03-29,SKU_C,46,108,5,100
2022-03-30,SKU_C,53,262,5,100
2022-03-31,SKU_C,40,209,5,100
2022-04-01,SKU_C,39,169,5,100
2022-04-02,SKU_C,43,130,5,100
2022-04-03,SKU_C,51,287,5,100
2022-04-04,SKU_C,39,236,5,100
2022-04-05,SKU_C,32,197,5,100
2022-04-06,SKU_C,44,165,5,100
2022-04-07,SKU_C,49,121,5,100
2022-04-08,SKU_C,52,272,5,100
2022-04-09,SKU_C,44,220,5,100
2022-04-10,SKU_C,44,176,5,100
2022-04-11,SKU_C,52,132,5,100
2022-04-12,SKU_C,37,280,5,100
2022-04-13,SKU_C,44,243,5,100
2022-04-14,SKU_C,47,199,5,100
2022-04-15,SKU_C,48,152,5,100
2022-04-16,SKU_C,44,104,5,100
2022-04-17,SKU_C,46,260,5,100
2022-04-18,SKU_C,34,214,5,100
2022-04-19,SKU_C,43,180,5,100
2022-04-20,SKU_C,48,137,5,100
2022-04-21,SKU_C,41,289,5,100
2022-04-22,SKU_C,46,248,5,100
2022-04-23,SKU_C,48,202,5,100
2022-04-24,SKU_C,44,154,5,100
2022-04-25,SKU_C,46,110,5,100
2022-04-26,SKU_C,41,264,5,100
2022-04-27,SKU_C,44,223,5,100
2022-04-28,SKU_C,48,179,5,100
2022-04-29,SKU_C,46,131,5,100
2022-04-30,SKU_C,42,285,5,100
2022-05-01,SKU_C,46,243,5,100
2022-05-02,SKU_C,49,197,5,100
2022-05-03,SKU_C,35,148,5,100
2022-05-04,SKU_C,51,113,5,100
2022-05-05,SKU_C,43,262,5,100
2022-05-06,SKU_C,47,219,5,100
2022-05-07,SKU_C,51,172,5,100
2022-05-08,SKU_C,38,121,5,100
2022-05-09,SKU_C,41,283,5,100
2022-05-10,SKU_C,43,242,5,100
2022-05-11,SKU_C,40,199,5,100
2022-05-12,SKU_C,53,159,5,100
2022-05-13,SKU_C,40,106,5,100
2022-05-14,SKU_C,41,266,5,100
2022-05-15,SKU_C,45,225,5,100
2022-05-16,SKU_C,38,180,5,100
2022-05-17,SKU_C,42,142,5,100
2022-05-18,SKU_C,45,300,5,100
2022-05-19,SKU_C,42,255,5,100
2022-05-20,SKU_C,43,213,5,100
2022-05-21,SKU_C,41,170,5,100
2022-05-22,SKU_C,36,129,5,100
2022-05-23,SKU_C,45,293,5,100
2022-05-24,SKU_C,52,248,5,100
2022-05-25,SKU_C,43,196,5,100
2022-05-26,SKU_C,44,153,5,100
2022-05-27,SKU_C,46,109,5,100
2022-05-28,SKU_C,36,263,5,100
2022-05-29,SKU_C,51,227,5,100
2022-05-30,SKU_C,43,176,5,100
2022-05-31,SKU_C,50,133,5,100
2022-06-01,SKU_C,38,283,5,100
2022-06-02,SKU_C,51,245,5,100
2022-06-03,SKU_C,45,194,5,100
2022-06-04,SKU_C,44,149,5,100
2022-06-05,SKU_C,42,105,5,100
2022-06-06,SKU_C,40,263,5,100
2022-06-07,SKU_C,47,223,5,100
2022-06-08,SKU_C,41,176,5,100
2022-06-09,SKU_C,31,135,5,100
2022-06-10,SKU_C,35,104,5,100
2022-06-11,SKU_C,39,269,5,100
2022-06-12,SKU_C,42,230,5,100
2022-06-13,SKU_C,40,188,5,100
2022-06-14,SKU_C,46,148,5,100
2022-06-15,SKU_C,30,102,5,100
2022-06-16,SKU_C,40,272,5,100
2022-06-17,SKU_C,30,232,5,100
2022-06-18,SKU_C,43,202,5,100
2022-06-19,SKU_C,39,159,5,100
2022-06-20,SKU_C,41,120,5,100
2022-06-21,SKU_C,34,279,5,100
2022-06-22,SKU_C,45,245,5,100
2022-06-23,SKU_C,44,200,5,100
2022-06-24,SKU_C,41,156,5,100
2022-06-25,SKU_C,37,115,5,100
2022-06-26,SKU_C,41,278,5,100
2022-06-27,SKU_C,34,237,5,100
2022-06-28,SKU_C,42,203,5,100
2022-06-29,SKU_C,46,161,5,100
2022-06-30,SKU_C,43,115,5,100
2022-07-01,SKU_C,33,272,5,100
2022-07-02,SKU_C,39,239,5,100
2022-07-03,SKU_C,30,200,5,100
2022-07-04,SKU_C,39,170,5,100
2022-07-05,SKU_C,39,131,5,100
2022-07-06,SKU_C,27,292,5,100
2022-07-07,SKU_C,30,265,5,100
2022-07-08,SKU_C,35,235,5,100
2022-07-09,SKU_C,34,200,5,100
2022-07-10,SKU_C,30,166,5,100
2022-07-11,SKU_C,37,136,5,100
2022-07-12,SKU_C,37,299,5,100
2022-07-13,SKU_C,34,262,5,100
2022-07-14,SKU_C,31,228,5,100
2022-07-15,SKU_C,40,197,5,100
2022-07-16,SKU_C,43,157,5,100
2022-07-17,SKU_C,32,114,5,100
2022-07-18,SKU_C,31,282,5,100
2022-07-19,SKU_C,37,251,5,100
2022-07-20,SKU_C,32,214,5,100
2022-07-21,SKU_C,33,182,5,100
2022-07-22,SKU_C,37,149,5,100
2022-07-23,SKU_C,24,112,5,100
2022-07-24,SKU_C,40,288,5,100
2022-07-25,SKU_C,34,248,5,100
2022-07-26,SKU_C,31,214,5,100
2022-07-27,SKU_C,33,183,5,100
2022-07-28,SKU_C,33,150,5,100
2022-07-29,SKU_C,24,117,5,100
2022-07-30,SKU_C,40,293,5,100
2022-07-31,SKU_C,33,253,5,100
2022-08-01,SKU_C,34,220,5,100
2022-08-02,SKU_C,37,186,5,100
2022-08-03,SKU_C,27,149,5,100
2022-08-04,SKU_C,34,122,5,100
2022-08-05,SKU_C,30,288,5,100
2022-08-06,SKU_C,36,258,5,100
2022-08-07,SKU_C,21,222,5,100
2022-08-08,SKU_C,31,201,5,100
2022-08-09,SKU_C,28,170,5,100
2022-08-10,SKU_C,33,142,5,100
2022-08-11,SKU_C,33,109,5,100
2022-08-12,SKU_C,27,276,5,100
2022-08-13,SKU_C,27,249,5,100
2022-08-14,SKU_C,30,222,5,100
2022-08-15,SKU_C,26,192,5,100
2022-08-16,SKU_C,35,166,5,100
2022-08-17,SKU_C,28,131,5,100
2022-08-18,SKU_C,16,103,5,100
2022-08-19,SKU_C,28,287,5,100
2022-08-20,SKU_C,25,259,5,100
2022-08-21,SKU_C,22,234,5,100
2022-08-22,SKU_C,23,212,5,100
2022-08-23,SKU_C,30,189,5,100
2022-08-24,SKU_C,36,159,5,100
2022-08-25,SKU_C,31,123,5,100
2022-08-26,SKU_C,26,292,5,100
2022-08-27,SKU_C,31,266,5,100
2022-08-28,SKU_C,27,235,5,100
2022-08-29,SKU_C,26,208,5,100
2022-08-30,SKU_C,23,182,5,100
2022-08-31,SKU_C,20,159,5,100
2022-09-01,SKU_C,27,139,5,100
2022-09-02,SKU_C,30,112,5,100
2022-09-03,SKU_C,28,282,5,100
2022-09-04,SKU_C,26,254,5,100
2022-09-05,SKU_C,24,228,5,100
2022-09-06,SKU_C,31,204,5,100
2022-09-07,SKU_C,22,173,5,100
2022-09-08,SKU_C,32,151,5,100
2022-09-09,SKU_C,23,119,5,100
2022-09-10,SKU_C,24,296,5,100
2022-09-11,SKU_C,21,272,5,100
2022-09-12,SKU_C,26,251,5,100
2022-09-13,SKU_C,33,225,5,100
2022-09-14,SKU_C,31,192,5,100
2022-09-15,SKU_C,33,161,5,100
2022-09-16,SKU_C,31,128,5,100
2022-09-17,SKU_C,22,297,5,100
2022-09-18,SKU_C,26,275,5,100
2022-09-19,SKU_C,24,249,5,100
2022-09-20,SKU_C,34,225,5,100
2022-09-21,SKU_C,22,191,5,100
2022-09-22,SKU_C,32,169,5,100
2022-09-23,SKU_C,32,137,5,100
2022-09-24,SKU_C,37,105,5,100
2022-09-25,SKU_C,26,268,5,100
2022-09-26,SKU_C,31,242,5,100
2022-09-27,SKU_C,39,211,5,100
2022-09-28,SKU_C,25,172,5,100
2022-09-29,SKU_C,20,147,5,100
2022-09-30,SKU_C,18,127,5,100
2022-10-01,SKU_C,31,109,5,100
2022-10-02,SKU_C,18,278,5,100
2022-10-03,SKU_C,26,260,5,100
2022-10-04,SKU_C,30,234,5,100
2022-10-05,SKU_C,29,204,5,100
2022-10-06,SKU_C,30,175,5,100
2022-10-07,SKU_C,29,145,5,100
2022-10-08,SKU_C,34,116,5,100
2022-10-09,SKU_C,23,282,5,100
2022-10-10,SKU_C,25,259,5,100
2022-10-11,SKU_C,24,234,5,100
2022-10-12,SKU_C,32,210,5,100
2022-10-13,SKU_C,33,178,5,100
2022-10-14,SKU_C,30,145,5,100
2022-10-15,SKU_C,34,115,5,100
2022-10-16,SKU_C,22,281,5,100
2022-10-17,SKU_C,37,259,5,100
2022-10-18,SKU_C,36,222,5,100
2022-10-19,SKU_C,32,186,5,100
2022-10-20,SKU_C,37,154,5,100
2022-10-21,SKU_C,20,117,5,100
2022-10-22,SKU_C,26,297,5,100
2022-10-23,SKU_C,25,271,5,100
2022-10-24,SKU_C,32,246,5,100
2022-10-25,SKU_C,24,214,5,100
2022-10-26,SKU_C,33,190,5,100
2022-10-27,SKU_C,36,157,5,100
2022-10-28,SKU_C,33,121,5,100
2022-10-29,SKU_C,31,288,5,100
2022-10-30,SKU_C,24,257,5,100
2022-10-31,SKU_C,25,233,5,100
2022-11-01,SKU_C,36,208,5,100
2022-11-02,SKU_C,33,172,5,100
2022-11-03,SKU_C,29,139,5,100
2022-11-04,SKU_C,28,110,5,100
2022-11-05,SKU_C,20,282,5,100
2022-11-06,SKU_C,25,262,5,100
2022-11-07,SKU_C,40,237,5,100
2022-11-08,SKU_C,24,197,5,100
2022-11-09,SKU_C,31,173,5,100
2022-11-10,SKU_C,35,142,5,100
2022-11-11,SKU_C,24,107,5,100
2022-11-12,SKU_C,32,283,5,100
2022-11-13,SKU_C,35,251,5,100
2022-11-14,SKU_C,31,216,5,100
2022-11-15,SKU_C,45,185,5,100
2022-11-16,SKU_C,23,140,5,100
2022-11-17,SKU_C,37,117,5,100
2022-11-18,SKU_C,31,280,5,100
2022-11-19,SKU_C,35,249,5,100
2022-11-20,SKU_C,34,214,5,100
2022-11-21,SKU_C,28,180,5,100
2022-11-22,SKU_C,33,152,5,100
2022-11-23,SKU_C,23,119,5,100
2022-11-24,SKU_C,35,296,5,100
2022-11-25,SKU_C,34,261,5,100
2022-11-26,SKU_C,36,227,5,100
2022-11-27,SKU_C,38,191,5,100
2022-11-28,SKU_C,35,153,5,100
2022-11-29,SKU_C,34,118,5,100
2022-11-30,SKU_C,29,284,5,100
2022-12-01,SKU_C,30,255,5,100
2022-12-02,SKU_C,39,225,5,100
2022-12-03,SKU_C,41,186,5,100
2022-12-04,SKU_C,33,145,5,100
2022-12-05,SKU_C,34,112,5,100
2022-12-06,SKU_C,30,278,5,100
2022-12-07,SKU_C,40,248,5,100
2022-12-08,SKU_C,38,208,5,100
2022-12-09,SKU_C,44,170,5,100
2022-12-10,SKU_C,30,126,5,100
2022-12-11,SKU_C,33,296,5,100
2022-12-12,SKU_C,36,263,5,100
2022-12-13,SKU_C,39,227,5,100
2022-12-14,SKU_C,34,188,5,100
2022-12-15,SKU_C,31,154,5,100
2022-12-16,SKU_C,40,123,5,100
2022-12-17,SKU_C,40,283,5,100
2022-12-18,SKU_C,32,243,5,100
2022-12-19,SKU_C,43,211,5,100
2022-12-20,SKU_C,42,168,5,100
2022-12-21,SKU_C,37,126,5,100
2022-12-22,SKU_C,37,289,5,100
2022-12-23,SKU_C,40,252,5,100
2022-12-24,SKU_C,33,212,5,100
2022-12-25,SKU_C,38,179,5,100
2022-12-26,SKU_C,27,141,5,100
2022-12-27,SKU_C,42,114,5,100
2022-12-28,SKU_C,30,272,5,100
2022-12-29,SKU_C,46,242,5,100
2022-12-30,SKU_C,37,196,5,100
2022-12-31,SKU_C,37,159,5,100
